idNumber,diarrhealCasesPer100k,choleraCasesPer100k,typhoidCasesPer100k,infantMortalityRatePer1000
1,472,33,44,76.16
2,122,27,8,77.3
3,274,39,50,48.45
4,3,33,13,95.66
5,466,31,68,58.78
6,258,22,55,70.13
7,208,23,90,92.59
8,397,0,10,67.3
9,265,23,29,44.32
10,261,2,38,4.43
11,286,16,97,73.37
12,30,6,23,96.56
13,175,9,79,48.08
14,8,18,57,35.3
15,203,23,29,52.89
16,107,8,23,73.39
17,123,49,66,2.07
18,237,14,28,88.95
19,409,48,41,88.86
20,129,21,75,55.05
21,233,16,61,13.99
22,3,18,26,67.84
23,479,8,28,15.51
24,219,37,65,51.74
25,261,18,56,11.18
26,29,7,60,59.73
27,438,5,28,33.17
28,411,48,56,83.44
29,316,37,72,80.39
30,76,44,54,99.85
31,182,20,43,27.24
32,365,28,27,8.06
33,291,33,36,45.41
34,457,11,22,10.17
35,201,38,76,19.49
36,388,31,68,60.54
37,156,5,95,60.03
38,99,16,91,6.25
39,395,31,57,45.4
40,121,7,78,53.96
41,405,37,87,28.27
42,314,28,31,87.46
43,109,30,84,17.79
44,166,18,68,26.88
45,129,8,35,17.39
46,269,27,91,13.42
47,137,47,31,88.14
48,175,49,58,29.23
49,63,38,59,72.81
50,130,39,86,43.94
51,327,30,79,64.32
52,187,18,73,92.96
53,464,32,92,84.77
54,451,25,26,8.76
55,276,44,98,84.83
56,349,0,23,46.28
57,146,10,86,36.31
58,334,1,66,67.89
59,19,34,35,95.12
60,313,12,13,11.23
61,41,38,67,77.27
62,349,33,43,21.94
63,393,33,47,39.25
64,406,34,31,87.63
65,343,31,83,55.49
66,139,44,16,8.61
67,8,11,92,51.79
68,78,32,56,79.38
69,412,17,38,53.83
70,337,4,31,18.36
71,147,18,67,45.61
72,192,30,87,92.59
73,258,26,1,66.5
74,135,41,77,73.53
75,38,37,41,79.02
76,319,49,37,10.89
77,286,14,54,58.99
78,366,45,54,38.84
79,455,47,33,15.64
80,462,3,45,21.87
81,378,18,42,78.55
82,149,20,1,17.83
83,351,39,35,32.62
84,4,0,69,29.92
85,235,19,35,6.77
86,235,21,21,47.29
87,313,12,68,77.06
88,456,40,37,4.17
89,104,0,53,13.03
90,206,14,21,72.58
91,238,14,74,60.17
92,318,13,30,72.09
93,316,4,52,24.55
94,51,48,92,80.77
95,107,5,58,49.03
96,356,40,96,61.81
97,32,30,85,11.03
98,21,25,48,22.09
99,306,24,26,77.79
100,10,48,71,23.94
101,126,38,56,11.07
102,441,39,5,60.53
103,49,14,45,55.7
104,197,5,24,61.57
105,16,0,97,62.59
106,429,40,8,51.02
107,43,6,63,50.39
108,184,3,99,92.57
109,388,0,30,54.32
110,38,40,18,62.5
111,441,1,64,28.16
112,495,47,87,87.37
113,136,33,97,4.39
114,476,34,16,56.61
115,278,45,33,39.62
116,430,12,98,61.18
117,163,16,35,37.3
118,30,9,12,72.33
119,339,2,58,3.99
120,22,3,88,41.78
121,439,24,75,83.46
122,198,36,20,26.52
123,173,42,64,7.17
124,57,37,5,50.66
125,419,28,10,97.7
126,195,0,79,8.29
127,87,29,21,8.87
128,443,38,10,60.32
129,141,9,36,26.51
130,280,28,25,42.2
131,454,43,56,83.39
132,206,31,25,21.49
133,171,43,20,72.49
134,301,0,56,51.44
135,396,40,25,90.69
136,317,16,14,97.35
137,274,11,62,49.53
138,395,1,34,59.3
139,367,8,10,75.09
140,345,11,72,33.23
141,47,24,86,24.22
142,160,35,67,96.54
143,462,43,93,44.4
144,164,49,91,2.16
145,389,34,88,84.1
146,378,21,85,60.77
147,216,32,88,18.52
148,116,49,89,4.95
149,336,20,49,30.57
150,426,39,28,92.93
151,250,21,63,93.48
152,355,27,40,32.48
153,433,3,95,83.92
154,243,25,25,45.3
155,429,22,27,66.13
156,246,47,83,34.78
157,72,48,47,52.57
158,283,22,65,30.79
159,482,40,22,7.99
160,194,7,38,15.66
161,266,31,68,30.49
162,403,38,20,97.67
163,86,43,85,96.64
164,245,0,48,83.11
165,157,29,74,24.79
166,356,27,93,45.28
167,35,16,91,45.1
168,235,22,35,39.92
169,247,37,80,6.4
170,459,23,84,54.38
171,99,21,36,9.14
172,226,4,99,80.59
173,118,24,88,69.75
174,353,6,87,36.57
175,195,21,93,65.42
176,87,43,41,24.84
177,35,36,61,27.99
178,313,33,98,32.79
179,27,35,84,80.11
180,38,48,5,22.65
181,321,39,84,57.15
182,426,19,7,21.65
183,4,36,68,29.93
184,475,16,39,25.08
185,140,3,9,65.21
186,227,49,30,53.62
187,8,17,29,72.69
188,358,27,50,23.55
189,477,49,84,2.9
190,56,15,35,68.69
191,282,42,60,13.26
192,444,7,26,26.14
193,460,43,34,31.96
194,489,17,59,75.19
195,358,49,31,63.34
196,177,28,89,20.06
197,475,39,3,60.59
198,81,15,90,71.4
199,417,29,99,40.11
200,84,48,26,26.1
201,64,33,46,68.54
202,428,29,5,61.87
203,342,20,81,9.64
204,289,21,25,67.33
205,355,46,23,49.87
206,456,24,70,75.83
207,135,21,43,20.69
208,249,27,13,27.31
209,497,38,12,55.24
210,93,32,25,49.21
211,47,1,42,39.86
212,419,3,42,75.11
213,99,15,65,57.35
214,337,11,86,71.61
215,193,16,27,17.02
216,116,35,0,73.44
217,266,15,95,47.23
218,307,38,11,5.31
219,163,22,49,24.98
220,478,7,52,4.52
221,286,8,59,46.77
222,23,13,54,33.94
223,493,8,34,98.77
224,404,46,60,87.11
225,95,25,25,82.92
226,496,35,30,51.11
227,253,2,56,81.09
228,413,9,11,28.15
229,120,24,92,56.94
230,71,3,4,40.51
231,352,29,98,18.79
232,370,49,6,9.12
233,63,10,15,56.71
234,242,18,95,11.57
235,126,49,51,72.36
236,372,12,80,92.3
237,38,35,20,17.89
238,384,2,26,48.15
239,352,47,78,74.4
240,425,13,22,30.11
241,76,9,71,92.23
242,469,37,24,89.07
243,4,39,10,12.17
244,139,26,62,4.69
245,251,23,56,97.69
246,156,15,84,95.73
247,258,9,53,43.38
248,316,26,9,6.96
249,434,6,49,62.65
250,419,27,72,30.75
251,366,25,0,93.8
252,236,17,85,79.88
253,74,12,69,65.66
254,473,7,29,29.88
255,385,26,54,70.72
256,28,13,97,30.34
257,40,40,76,5.69
258,28,43,85,51.83
259,491,5,5,49.89
260,99,19,23,76.77
261,319,27,84,86.84
262,57,22,86,36.74
263,210,11,4,46.05
264,137,23,6,48.1
265,10,43,2,33.77
266,390,21,12,74.85
267,332,25,53,53.17
268,488,21,62,91.57
269,363,6,75,65.73
270,188,14,5,22.77
271,449,47,97,18.15
272,93,29,78,38.49
273,341,3,46,36.0
274,180,5,81,41.9
275,320,47,54,19.99
276,282,46,48,97.87
277,390,1,56,16.28
278,320,30,2,65.96
279,57,23,21,3.28
280,24,34,34,41.88
281,303,46,27,32.3
282,259,30,41,39.44
283,477,24,11,50.81
284,391,7,0,60.84
285,496,11,99,59.18
286,212,1,93,63.81
287,114,14,22,84.77
288,451,39,27,88.9
289,187,31,68,74.25
290,259,10,35,9.74
291,135,16,53,96.21
292,489,20,46,94.85
293,89,21,55,71.75
294,220,32,9,52.71
295,15,28,4,26.56
296,146,14,13,76.12
297,384,20,23,88.03
298,100,1,62,67.19
299,417,41,27,63.65
300,476,37,20,20.91
301,218,2,75,37.06
302,367,24,19,72.87
303,44,12,61,3.66
304,62,23,95,64.84
305,349,30,50,77.13
306,389,14,39,34.8
307,291,5,84,9.46
308,376,40,80,82.27
309,358,9,64,15.9
310,65,8,27,38.34
311,118,49,53,71.31
312,233,40,1,82.06
313,461,49,80,86.51
314,7,40,13,53.98
315,194,4,13,48.64
316,226,44,43,85.14
317,26,43,81,57.18
318,289,40,39,58.71
319,27,18,33,44.53
320,158,19,64,38.54
321,144,32,17,49.09
322,466,42,33,37.76
323,233,36,86,35.67
324,107,30,48,99.38
325,378,38,79,34.95
326,438,12,82,27.13
327,202,37,54,36.68
328,264,44,61,59.9
329,477,5,69,91.28
330,312,46,23,79.21
331,300,7,80,84.54
332,389,42,47,86.18
333,397,9,79,92.21
334,414,40,38,25.04
335,437,3,47,46.92
336,10,13,69,39.75
337,324,3,79,39.42
338,94,23,8,65.92
339,129,46,28,41.38
340,102,20,67,62.4
341,272,9,59,39.46
342,485,45,25,32.49
343,109,24,37,36.6
344,291,5,61,80.77
345,130,15,25,60.9
346,190,43,13,97.45
347,298,27,98,83.6
348,92,35,48,49.61
349,288,32,42,25.75
350,205,29,87,68.04
351,357,35,7,73.21
352,28,24,39,47.49
353,406,12,24,24.53
354,186,38,62,56.61
355,336,14,3,26.88
356,176,37,14,94.12
357,438,29,15,63.63
358,330,13,53,30.61
359,155,49,10,23.14
360,245,3,27,72.24
361,198,0,6,71.36
362,108,2,37,60.52
363,359,44,23,62.2
364,71,49,94,61.18
365,488,35,67,37.29
366,220,3,36,93.87
367,280,42,34,48.97
368,390,13,5,3.99
369,376,24,32,36.14
370,213,38,95,14.77
371,456,2,98,37.61
372,74,6,80,61.61
373,417,7,53,4.22
374,474,43,95,87.28
375,241,6,13,61.81
376,149,47,18,30.95
377,322,24,87,32.5
378,177,16,10,47.64
379,175,25,70,26.31
380,103,3,44,2.43
381,118,48,59,4.6
382,199,17,87,37.06
383,69,3,57,14.17
384,56,16,87,4.19
385,408,46,77,86.21
386,65,16,23,28.87
387,399,44,10,51.31
388,57,24,71,19.58
389,116,2,43,6.58
390,424,11,78,75.0
391,306,26,65,14.25
392,20,16,87,4.52
393,78,21,44,59.55
394,311,38,73,3.32
395,353,38,31,44.76
396,46,42,16,30.31
397,373,47,53,33.3
398,170,35,9,2.38
399,83,15,85,96.51
400,107,36,5,52.66
401,286,28,90,58.11
402,270,13,19,67.28
403,175,6,0,80.16
404,317,40,63,61.58
405,475,27,80,76.7
406,69,12,0,45.98
407,386,15,60,38.38
408,165,20,78,82.67
409,342,3,0,86.8
410,57,38,80,15.51
411,450,34,45,55.18
412,244,14,59,69.0
413,44,25,42,10.19
414,171,45,43,93.1
415,263,6,37,52.97
416,382,17,1,65.25
417,65,24,81,19.47
418,326,36,11,27.91
419,188,20,92,13.86
420,272,7,22,27.87
421,70,19,8,50.25
422,352,17,7,83.7
423,35,18,49,54.3
424,238,2,79,25.96
425,67,37,61,6.37
426,107,17,22,62.95
427,207,26,92,43.18
428,276,14,58,98.47
429,209,45,9,78.42
430,301,20,11,81.22
431,429,21,61,3.2
432,347,7,75,78.22
433,106,10,29,21.07
434,379,42,73,59.41
435,15,11,77,45.85
436,238,47,67,58.02
437,405,38,46,15.08
438,389,26,83,46.78
439,221,34,40,5.62
440,439,1,6,6.02
441,255,34,93,66.46
442,300,30,87,95.27
443,441,7,73,78.18
444,411,19,51,47.98
445,144,7,44,7.48
446,163,3,37,6.41
447,11,30,35,17.47
448,49,31,80,97.63
449,314,12,84,41.07
450,359,21,57,84.65
451,11,25,45,71.1
452,483,16,66,61.33
453,189,28,64,94.89
454,295,26,17,24.58
455,92,21,1,46.58
456,129,17,3,86.74
457,348,4,95,56.07
458,477,11,82,26.15
459,483,1,83,22.47
460,363,41,41,75.78
461,408,6,48,3.25
462,340,46,48,91.59
463,213,25,6,3.8
464,329,38,8,63.84
465,382,14,70,61.27
466,286,47,26,58.68
467,174,32,20,48.49
468,443,46,34,85.54
469,200,2,87,66.61
470,104,41,95,78.62
471,230,47,75,13.32
472,97,1,86,6.89
473,102,16,35,4.8
474,40,0,92,16.43
475,433,35,66,67.37
476,150,42,42,50.41
477,267,16,7,75.72
478,326,1,97,20.79
479,351,32,77,37.96
480,466,28,35,89.07
481,277,5,47,93.7
482,55,42,45,92.33
483,15,35,31,82.19
484,441,23,6,69.45
485,455,10,73,91.54
486,221,4,11,71.99
487,178,29,54,95.49
488,133,9,22,4.43
489,257,36,74,92.32
490,61,26,51,56.46
491,481,26,12,12.96
492,476,23,75,23.06
493,487,2,70,85.51
494,122,37,52,51.6
495,41,25,62,98.32
496,372,44,73,13.52
497,372,47,70,42.43
498,298,38,50,34.52
499,51,17,57,52.58
500,378,2,26,64.08
501,441,37,6,66.84
502,403,41,49,2.13
503,311,47,23,10.72
504,66,24,86,5.44
505,58,12,24,86.73
506,303,24,43,32.7
507,34,23,35,37.97
508,135,40,56,46.14
509,498,15,96,85.23
510,75,42,36,3.39
511,241,40,51,13.62
512,492,41,62,69.15
513,490,10,6,96.46
514,287,20,93,64.99
515,220,30,59,27.59
516,300,14,94,52.95
517,84,44,36,97.55
518,122,48,20,53.75
519,194,35,97,38.6
520,101,42,45,39.58
521,282,0,20,96.77
522,374,27,83,72.45
523,2,32,97,69.34
524,312,2,71,24.74
525,448,14,95,56.83
526,493,32,51,36.96
527,246,31,93,25.54
528,147,22,28,89.76
529,198,25,68,39.55
530,120,47,93,29.71
531,168,16,75,93.31
532,0,8,38,21.34
533,329,4,26,75.06
534,108,28,76,65.97
535,459,5,9,92.21
536,387,46,35,83.54
537,326,40,94,71.12
538,9,34,15,32.83
539,469,20,35,50.57
540,126,44,89,94.56
541,472,44,83,4.27
542,156,22,33,79.84
543,230,34,36,26.68
544,14,45,71,20.13
545,274,1,67,24.76
546,486,41,58,7.86
547,441,8,28,99.21
548,365,12,30,87.25
549,436,42,65,53.06
550,45,33,88,72.08
551,273,15,2,56.55
552,105,4,68,81.53
553,2,0,21,84.79
554,325,39,79,24.81
555,252,21,72,47.06
556,21,47,52,64.22
557,54,45,47,97.89
558,373,25,72,68.9
559,447,33,75,89.97
560,296,49,46,84.92
561,109,20,41,59.04
562,372,6,3,89.58
563,222,24,81,38.99
564,468,11,81,39.17
565,247,30,41,78.53
566,135,46,42,15.19
567,320,26,96,31.97
568,386,21,41,61.64
569,412,33,2,43.17
570,245,16,58,94.19
571,69,10,80,95.93
572,480,28,75,51.25
573,17,33,10,54.83
574,489,36,80,73.01
575,496,48,34,46.81
576,185,47,49,20.63
577,116,25,62,75.2
578,256,44,69,74.3
579,277,44,98,26.01
580,94,44,5,83.63
581,406,31,31,62.14
582,391,36,10,25.16
583,412,4,42,65.9
584,427,19,38,24.89
585,114,6,12,27.99
586,493,42,12,85.1
587,61,22,38,93.09
588,274,0,45,27.17
589,314,38,33,92.95
590,496,2,66,25.4
591,123,44,31,13.49
592,79,2,67,7.71
593,146,5,64,25.73
594,484,30,72,39.75
595,21,26,6,92.9
596,82,28,90,25.73
597,323,14,2,37.82
598,4,35,85,73.95
599,260,4,79,31.6
600,408,2,71,69.07
601,279,24,68,44.34
602,128,31,48,21.25
603,113,20,57,73.94
604,283,47,93,4.65
605,46,16,27,30.65
606,340,8,26,36.91
607,187,25,21,46.91
608,18,21,93,68.63
609,86,40,70,47.02
610,141,45,93,60.24
611,250,22,12,60.39
612,325,10,21,38.58
613,479,9,74,93.53
614,369,22,4,95.67
615,479,4,21,59.02
616,7,25,78,9.03
617,36,3,52,50.13
618,85,42,38,20.07
619,71,26,36,49.36
620,380,37,30,20.47
621,485,33,61,70.98
622,265,2,92,9.88
623,66,49,80,95.42
624,140,31,5,21.15
625,294,25,80,66.74
626,63,17,33,91.86
627,29,6,86,26.29
628,387,44,51,93.56
629,44,12,29,40.09
630,133,5,12,96.13
631,15,34,57,97.19
632,277,30,93,20.43
633,218,41,52,83.45
634,276,36,19,20.96
635,220,42,5,24.19
636,192,3,54,10.24
637,157,41,30,17.34
638,23,3,58,63.96
639,319,44,18,46.03
640,140,7,69,79.51
641,221,37,97,34.54
642,25,10,27,96.93
643,97,1,12,6.89
644,275,17,51,8.17
645,60,17,73,70.73
646,379,21,60,88.98
647,242,11,40,79.96
648,389,16,44,50.0
649,426,16,6,28.42
650,432,35,81,3.32
651,8,28,85,51.93
652,383,48,13,48.61
653,356,15,35,35.74
654,420,40,7,58.65
655,271,10,11,73.42
656,259,43,39,70.69
657,31,42,96,27.8
658,339,44,87,59.36
659,92,21,61,16.58
660,478,29,13,13.92
661,127,7,48,79.01
662,236,45,50,69.99
663,16,17,61,77.26
664,40,45,4,16.94
665,472,15,82,91.63
666,300,46,66,15.04
667,271,19,0,87.26
668,275,38,96,36.53
669,41,7,48,12.33
670,265,29,16,30.1
671,51,37,72,19.78
672,187,28,94,50.09
673,431,12,34,95.08
674,150,16,66,34.13
675,243,39,12,61.99
676,288,42,36,89.39
677,490,16,37,63.75
678,126,8,77,37.5
679,204,1,5,99.1
680,408,41,92,20.37
681,305,23,62,53.28
682,356,20,48,80.08
683,99,45,8,2.06
684,343,1,35,70.8
685,453,4,22,28.12
686,78,16,78,18.63
687,182,23,56,28.87
688,97,7,49,96.75
689,67,29,58,89.41
690,333,49,6,22.95
691,387,21,46,13.47
692,27,23,88,37.69
693,28,25,86,60.05
694,337,7,74,86.98
695,121,11,55,96.68
696,211,13,7,75.61
697,175,29,35,60.7
698,104,34,41,15.95
699,479,30,38,9.25
700,71,27,64,60.41
701,490,45,43,54.83
702,109,26,76,84.92
703,112,35,79,33.62
704,396,0,45,5.89
705,231,40,12,43.52
706,493,13,36,96.98
707,42,9,13,79.97
708,264,49,12,5.31
709,295,41,11,87.72
710,45,6,54,48.23
711,494,39,27,37.75
712,57,13,21,35.98
713,224,35,83,60.32
714,439,26,18,54.0
715,139,10,74,66.35
716,100,41,29,58.22
717,280,48,53,16.11
718,237,36,89,27.21
719,88,41,14,84.42
720,245,9,29,67.0
721,399,6,28,45.94
722,178,16,31,19.89
723,379,11,29,2.75
724,463,36,15,32.56
725,230,36,35,7.38
726,98,35,81,49.26
727,214,6,47,82.54
728,199,23,27,29.97
729,255,33,61,85.08
730,436,0,82,71.05
731,493,28,55,14.28
732,435,25,55,65.17
733,194,9,74,16.86
734,379,0,16,66.17
735,23,44,61,15.99
736,362,16,20,40.47
737,469,40,36,57.53
738,269,35,33,6.94
739,277,8,96,17.02
740,225,38,28,33.4
741,227,22,67,47.31
742,127,28,95,86.13
743,30,1,59,20.35
744,340,17,10,36.05
745,250,27,89,48.63
746,57,46,81,30.99
747,324,41,95,63.32
748,146,48,59,27.15
749,105,6,90,77.69
750,436,10,79,51.51
751,84,6,73,10.46
752,1,42,33,63.45
753,436,23,32,57.79
754,450,14,9,35.18
755,302,30,59,3.09
756,370,18,25,21.67
757,52,9,24,41.76
758,440,47,1,21.59
759,221,7,89,58.59
760,481,0,83,71.81
761,24,1,2,85.89
762,34,28,31,65.4
763,156,41,0,69.52
764,459,9,23,61.63
765,342,41,49,98.58
766,475,8,42,27.58
767,365,49,43,28.09
768,144,30,32,14.38
769,335,31,37,49.6
770,432,1,51,11.42
771,439,23,34,28.47
772,456,36,16,49.3
773,386,42,57,95.84
774,277,5,47,96.45
775,478,7,42,74.89
776,397,39,47,40.15
777,386,24,43,86.79
778,293,41,32,87.79
779,342,42,74,91.2
780,276,24,86,64.72
781,178,45,95,21.78
782,279,10,82,10.93
783,351,34,75,91.65
784,300,0,91,7.44
785,196,22,1,31.0
786,224,2,9,49.72
787,427,40,82,4.15
788,46,0,27,90.88
789,184,43,46,30.14
790,402,11,7,4.79
791,161,37,22,99.37
792,130,39,47,32.52
793,294,30,93,87.92
794,91,28,91,46.44
795,74,34,62,66.99
796,443,27,76,25.63
797,137,20,36,51.28
798,167,10,11,27.25
799,257,25,73,95.21
800,237,10,80,7.97
801,44,4,64,28.92
802,486,6,85,89.52
803,410,30,14,49.04
804,308,38,79,60.81
805,136,41,83,65.87
806,102,7,9,8.95
807,128,26,41,3.74
808,160,20,25,93.91
809,37,29,48,28.61
810,56,13,22,39.27
811,160,0,63,68.85
812,175,44,16,25.16
813,258,23,33,73.84
814,287,5,56,46.91
815,460,5,85,85.95
816,404,4,3,29.3
817,323,34,70,21.97
818,144,43,68,83.51
819,425,14,94,33.98
820,67,34,82,42.36
821,339,47,67,79.78
822,267,49,49,64.29
823,217,40,85,45.29
824,300,7,66,26.49
825,163,42,86,76.89
826,335,34,67,19.68
827,178,4,87,92.97
828,390,30,58,16.73
829,416,41,77,80.88
830,47,30,62,43.58
831,193,36,66,20.23
832,288,7,84,41.43
833,205,5,25,23.71
834,83,22,0,15.33
835,100,15,93,25.44
836,154,43,67,87.01
837,46,48,77,12.38
838,233,7,17,97.31
839,340,3,11,2.49
840,449,31,37,66.51
841,298,48,41,85.94
842,335,2,35,93.53
843,146,49,15,16.11
844,195,15,64,70.42
845,393,33,66,12.52
846,21,12,38,36.56
847,459,32,98,73.73
848,193,21,58,35.91
849,385,30,78,32.71
850,488,23,37,13.37
851,363,2,15,8.51
852,353,32,80,13.3
853,273,29,97,87.8
854,383,25,73,3.1
855,207,33,10,69.9
856,274,21,27,77.33
857,494,29,90,57.65
858,216,34,81,73.62
859,413,24,93,65.92
860,495,27,76,46.64
861,389,32,79,39.51
862,26,22,1,94.25
863,14,25,19,97.25
864,158,8,75,65.82
865,427,7,92,21.34
866,213,36,71,45.89
867,459,32,37,50.66
868,393,14,55,76.28
869,404,48,83,67.44
870,430,46,98,52.45
871,438,7,38,68.68
872,378,20,30,4.36
873,350,2,79,78.11
874,163,8,22,22.74
875,126,13,33,66.33
876,329,37,95,13.17
877,57,26,16,13.22
878,146,19,23,5.49
879,470,3,34,91.2
880,447,23,22,61.25
881,255,26,7,37.47
882,109,11,53,79.2
883,393,27,86,63.36
884,48,34,20,62.77
885,181,23,18,49.73
886,60,30,30,2.78
887,442,2,49,27.33
888,474,29,70,12.69
889,234,26,23,66.92
890,241,16,45,26.36
891,129,5,7,46.12
892,330,46,76,36.64
893,263,42,2,16.03
894,402,17,33,95.92
895,207,34,76,93.48
896,451,26,56,10.29
897,141,16,57,83.08
898,21,10,95,49.86
899,16,37,34,77.83
900,362,36,20,16.81
901,318,41,64,14.96
902,121,33,65,89.29
903,281,46,56,89.99
904,226,31,41,47.66
905,419,42,42,87.28
906,372,45,25,67.41
907,300,45,66,20.13
908,496,34,87,34.24
909,285,27,25,15.33
910,115,21,7,77.85
911,148,15,46,98.55
912,403,45,36,55.55
913,169,41,71,66.27
914,89,39,81,75.12
915,118,11,17,23.98
916,183,4,75,34.93
917,395,25,35,42.41
918,263,25,1,60.27
919,226,12,83,85.35
920,92,23,2,26.91
921,116,43,33,48.15
922,489,2,45,75.65
923,446,31,61,10.56
924,311,22,69,52.26
925,390,48,56,16.15
926,317,36,9,54.84
927,120,37,87,77.25
928,316,44,17,25.22
929,137,37,32,85.25
930,230,12,6,34.81
931,305,14,44,20.7
932,147,1,28,47.6
933,283,10,82,87.86
934,141,15,37,8.76
935,331,17,38,34.1
936,7,33,24,66.01
937,390,9,16,37.04
938,4,12,60,8.94
939,256,31,50,34.54
940,366,7,36,82.45
941,328,6,66,96.87
942,491,47,23,5.9
943,245,16,81,57.79
944,465,40,48,12.32
945,234,26,89,68.68
946,361,7,20,2.77
947,9,28,74,3.44
948,241,36,56,78.13
949,441,26,40,9.29
950,320,36,16,31.91
951,187,23,20,95.89
952,403,44,67,98.55
953,313,15,95,17.82
954,426,25,81,56.97
955,412,30,63,56.8
956,1,26,43,46.33
957,153,25,27,92.62
958,202,42,35,75.9
959,216,14,36,76.92
960,481,48,43,28.42
961,314,14,49,44.56
962,104,22,89,49.77
963,0,24,54,31.29
964,253,43,87,11.29
965,286,3,9,14.38
966,293,35,37,19.71
967,277,15,48,21.96
968,193,46,71,25.74
969,430,39,1,27.04
970,256,20,43,46.66
971,249,39,34,51.94
972,247,42,20,32.27
973,87,16,56,90.92
974,433,2,90,56.21
975,419,6,22,79.17
976,252,11,31,92.58
977,428,0,89,17.99
978,163,42,70,43.93
979,494,36,32,44.45
980,161,5,16,36.74
981,264,45,71,2.87
982,459,48,41,81.97
983,109,22,16,12.93
984,339,24,47,99.56
985,387,24,47,77.75
986,206,2,81,58.84
987,318,3,99,17.15
988,131,29,56,52.51
989,132,32,60,27.59
990,393,28,43,26.73
991,107,3,22,83.29
992,171,13,75,39.3
993,39,20,86,46.17
994,291,6,52,84.61
995,34,20,32,10.6
996,58,6,55,60.27
997,192,0,27,58.67
998,209,33,22,43.67
999,371,22,62,83.32
1000,30,2,6,94.4
1001,173,17,1,47.6
1002,304,42,64,46.7
1003,389,11,3,51.2
1004,197,13,7,72.87
1005,105,40,48,67.47
1006,274,27,28,23.84
1007,95,41,81,8.26
1008,169,44,54,95.03
1009,29,23,36,27.58
1010,281,23,94,64.58
1011,386,2,5,83.19
1012,160,8,23,31.43
1013,305,23,78,64.27
1014,414,1,39,12.57
1015,110,39,11,97.05
1016,211,27,63,7.7
1017,195,6,45,44.94
1018,95,8,13,54.61
1019,337,44,26,79.47
1020,137,38,36,13.87
1021,277,38,76,45.2
1022,446,32,61,31.37
1023,309,33,66,32.58
1024,178,20,79,78.32
1025,336,28,75,2.54
1026,233,26,13,75.41
1027,248,16,97,81.42
1028,131,41,94,90.33
1029,248,46,38,63.43
1030,292,47,4,34.68
1031,454,22,75,43.87
1032,498,44,25,97.03
1033,62,20,80,88.36
1034,306,7,52,47.43
1035,391,8,62,94.42
1036,256,32,10,82.65
1037,247,3,32,90.31
1038,263,17,40,68.93
1039,466,31,39,86.05
1040,336,29,45,89.39
1041,360,24,3,11.02
1042,499,32,95,96.59
1043,438,34,94,34.69
1044,367,41,10,45.11
1045,392,33,80,79.61
1046,178,49,26,67.16
1047,399,1,7,89.52
1048,436,12,20,41.26
1049,314,40,96,38.58
1050,300,22,4,5.11
1051,498,22,61,47.35
1052,164,30,31,72.96
1053,90,1,88,31.52
1054,321,1,57,47.35
1055,191,4,71,23.5
1056,291,13,26,77.73
1057,75,22,25,7.93
1058,305,34,39,71.13
1059,98,45,28,39.14
1060,94,0,72,6.08
1061,180,40,81,85.64
1062,440,47,6,49.8
1063,402,48,20,60.73
1064,153,39,79,73.74
1065,373,14,66,66.2
1066,355,29,95,73.62
1067,323,20,9,76.7
1068,111,7,61,59.74
1069,170,6,95,37.83
1070,252,40,7,25.83
1071,382,33,95,90.48
1072,350,41,3,97.05
1073,121,36,28,37.05
1074,441,47,11,13.01
1075,204,31,99,23.81
1076,244,32,50,67.73
1077,126,5,18,18.95
1078,490,41,30,78.45
1079,358,9,25,92.46
1080,314,25,5,96.44
1081,45,44,28,2.91
1082,451,25,16,95.9
1083,295,18,19,74.54
1084,235,34,41,10.24
1085,140,44,46,42.69
1086,120,3,73,70.6
1087,360,24,69,95.76
1088,8,7,95,18.09
1089,65,11,1,14.52
1090,482,23,73,48.29
1091,308,23,36,96.87
1092,459,16,90,97.2
1093,80,24,18,24.34
1094,259,32,40,33.3
1095,381,26,15,90.99
1096,397,1,83,74.01
1097,468,8,59,97.29
1098,104,32,56,89.53
1099,391,18,99,23.08
1100,96,48,63,76.45
1101,189,4,4,6.76
1102,428,46,17,82.15
1103,347,19,71,60.95
1104,194,23,12,95.7
1105,445,30,73,96.08
1106,333,43,35,6.98
1107,82,3,18,17.73
1108,250,31,30,49.45
1109,69,46,99,88.19
1110,291,34,92,81.82
1111,339,13,22,96.51
1112,384,35,31,62.57
1113,187,5,10,27.14
1114,457,16,65,4.46
1115,140,17,95,23.85
1116,139,7,4,68.18
1117,74,11,94,92.77
1118,99,16,12,33.45
1119,144,30,85,87.82
1120,174,0,63,40.7
1121,308,10,34,32.21
1122,220,41,82,51.87
1123,322,15,28,45.34
1124,476,36,22,91.55
1125,9,48,82,47.89
1126,45,27,79,29.18
1127,338,8,94,84.57
1128,116,7,15,99.88
1129,3,24,25,65.52
1130,312,9,2,26.55
1131,237,39,22,25.4
1132,293,2,56,7.66
1133,395,22,8,9.57
1134,30,22,50,91.67
1135,129,43,87,11.46
1136,240,3,32,49.47
1137,384,49,77,70.42
1138,80,22,91,85.33
1139,24,8,23,18.78
1140,260,3,49,44.9
1141,47,33,51,26.65
1142,397,38,70,27.07
1143,51,17,37,31.78
1144,329,33,43,59.54
1145,148,33,88,3.62
1146,408,41,55,42.06
1147,98,2,65,20.31
1148,66,18,44,96.78
1149,209,33,51,59.11
1150,247,25,0,87.07
1151,118,34,86,21.18
1152,433,40,81,81.38
1153,227,42,63,42.65
1154,102,30,7,19.41
1155,288,42,97,76.6
1156,239,26,42,76.68
1157,400,2,7,99.6
1158,231,36,28,78.53
1159,453,11,12,16.24
1160,289,46,0,33.61
1161,153,22,28,46.27
1162,169,16,49,14.41
1163,158,15,36,79.23
1164,112,16,0,53.62
1165,50,14,68,94.56
1166,475,25,47,59.75
1167,35,44,54,53.24
1168,12,1,65,9.0
1169,340,16,62,16.64
1170,217,0,21,85.25
1171,242,29,93,99.09
1172,222,31,10,42.69
1173,207,29,28,81.39
1174,478,41,2,63.5
1175,268,3,44,95.99
1176,221,41,76,25.34
1177,287,43,2,55.39
1178,388,31,73,42.06
1179,11,34,67,55.09
1180,486,0,13,28.35
1181,186,18,86,50.78
1182,168,32,80,63.23
1183,292,18,64,9.96
1184,323,35,56,74.81
1185,105,26,14,71.24
1186,175,12,59,88.28
1187,426,26,53,43.73
1188,348,45,1,8.04
1189,40,13,81,47.22
1190,311,23,63,15.49
1191,324,34,85,65.45
1192,248,18,27,6.62
1193,266,24,93,38.65
1194,221,10,76,10.12
1195,392,8,66,2.33
1196,112,5,2,96.13
1197,283,35,52,99.62
1198,277,36,25,56.44
1199,202,28,3,25.42
1200,340,8,15,91.29
1201,261,32,91,92.46
1202,281,22,71,85.74
1203,143,14,53,55.35
1204,242,10,15,9.32
1205,269,22,30,10.67
1206,34,25,86,89.87
1207,297,0,1,87.83
1208,52,29,72,44.57
1209,355,16,90,34.16
1210,149,46,44,65.12
1211,436,45,53,81.08
1212,449,40,58,73.71
1213,12,22,58,62.33
1214,266,35,21,24.69
1215,395,40,33,27.73
1216,96,4,72,72.96
1217,85,34,96,80.66
1218,308,49,55,13.38
1219,264,8,33,20.36
1220,491,3,98,68.69
1221,70,6,25,40.12
1222,16,0,70,57.2
1223,188,15,44,62.25
1224,9,24,90,78.07
1225,165,5,75,80.96
1226,378,37,80,29.45
1227,38,13,20,55.05
1228,498,36,42,14.11
1229,365,10,85,84.52
1230,344,0,89,84.85
1231,218,41,38,31.35
1232,93,0,12,17.74
1233,157,35,41,8.87
1234,362,7,44,58.35
1235,33,31,86,10.96
1236,288,32,50,68.7
1237,415,7,93,68.46
1238,489,13,16,62.17
1239,11,23,90,87.9
1240,232,48,83,39.07
1241,86,40,62,90.42
1242,92,28,6,5.62
1243,106,24,54,13.05
1244,192,5,3,42.4
1245,467,0,30,60.21
1246,9,22,93,5.17
1247,124,40,94,57.61
1248,274,32,55,32.13
1249,278,13,3,88.94
1250,127,27,81,54.26
1251,340,28,83,59.61
1252,184,42,39,94.67
1253,362,39,46,76.89
1254,354,22,49,44.95
1255,58,43,22,48.73
1256,495,37,50,65.5
1257,479,48,37,21.62
1258,181,42,8,10.69
1259,73,9,60,32.5
1260,1,26,79,78.28
1261,242,7,20,27.22
1262,227,43,8,14.81
1263,47,3,24,23.46
1264,5,20,35,68.54
1265,42,20,42,62.17
1266,144,29,77,69.45
1267,126,12,80,33.55
1268,334,2,27,90.28
1269,245,19,63,46.27
1270,419,35,44,52.34
1271,407,39,55,94.98
1272,120,4,47,97.97
1273,231,21,7,66.83
1274,375,1,13,94.59
1275,188,24,14,55.07
1276,284,39,38,32.11
1277,241,23,24,32.88
1278,77,4,62,56.78
1279,57,15,58,61.29
1280,449,14,74,45.08
1281,495,12,28,88.61
1282,469,10,2,43.82
1283,494,15,38,28.8
1284,180,17,21,2.78
1285,69,24,40,97.12
1286,264,46,19,82.78
1287,203,37,18,62.32
1288,169,39,12,83.39
1289,294,3,90,81.41
1290,452,47,18,93.32
1291,377,20,79,39.83
1292,246,10,65,56.38
1293,423,33,64,11.67
1294,58,29,2,96.6
1295,299,3,23,98.54
1296,320,13,37,79.33
1297,457,10,1,46.5
1298,10,3,55,50.66
1299,346,25,79,44.67
1300,470,2,92,30.74
1301,339,36,36,53.72
1302,4,37,3,7.24
1303,204,40,77,99.2
1304,369,3,80,43.56
1305,457,25,43,92.88
1306,244,38,44,72.98
1307,248,44,80,30.41
1308,432,41,83,23.76
1309,434,43,46,99.58
1310,419,41,92,77.67
1311,104,10,25,26.47
1312,241,10,80,8.61
1313,271,37,75,70.3
1314,6,37,91,31.7
1315,223,19,8,23.69
1316,216,25,95,74.02
1317,43,37,97,68.57
1318,25,11,79,49.18
1319,291,28,47,94.38
1320,180,13,30,68.6
1321,91,49,54,89.56
1322,427,24,90,20.67
1323,267,41,92,31.07
1324,345,41,0,12.24
1325,67,38,90,31.85
1326,363,25,95,97.23
1327,150,9,58,96.36
1328,103,13,10,76.52
1329,87,4,98,53.06
1330,94,21,1,78.52
1331,381,10,45,56.24
1332,285,28,0,2.34
1333,318,6,69,51.15
1334,2,17,70,60.69
1335,207,30,65,28.04
1336,417,42,1,21.92
1337,101,19,68,28.83
1338,347,34,12,63.12
1339,176,6,18,16.31
1340,427,29,82,72.59
1341,424,3,46,43.42
1342,303,29,0,36.63
1343,198,29,98,81.11
1344,7,29,17,51.59
1345,390,17,31,39.08
1346,244,42,95,88.06
1347,292,45,71,38.09
1348,438,9,10,86.18
1349,326,13,19,51.41
1350,177,35,7,22.38
1351,81,22,91,62.06
1352,111,11,84,29.96
1353,358,11,37,16.42
1354,20,33,5,10.48
1355,33,25,1,25.69
1356,254,5,73,74.18
1357,432,36,72,84.12
1358,26,14,54,86.45
1359,7,41,2,28.47
1360,417,38,65,66.78
1361,17,18,99,24.57
1362,434,39,71,63.03
1363,499,46,72,88.95
1364,232,22,25,6.01
1365,395,35,97,98.55
1366,469,12,47,83.05
1367,306,30,93,76.64
1368,190,36,7,69.75
1369,423,25,66,77.49
1370,149,42,74,99.47
1371,391,47,88,77.48
1372,489,17,68,36.46
1373,155,46,75,62.16
1374,433,32,29,35.02
1375,46,39,26,97.07
1376,311,31,42,90.21
1377,415,3,4,57.63
1378,138,40,19,78.56
1379,404,18,51,91.15
1380,409,6,20,25.87
1381,141,46,2,58.79
1382,334,34,40,49.21
1383,13,25,63,77.62
1384,459,43,67,39.15
1385,355,22,87,71.48
1386,258,33,70,41.49
1387,235,6,23,12.89
1388,440,10,51,12.5
1389,377,7,74,13.67
1390,6,12,1,5.19
1391,38,31,43,54.23
1392,184,40,40,67.85
1393,114,33,69,14.42
1394,109,17,6,61.96
1395,64,14,37,60.58
1396,230,42,81,16.42
1397,280,23,44,41.6
1398,30,46,8,76.0
1399,85,20,52,3.64
1400,137,17,27,16.4
1401,465,13,18,99.59
1402,76,18,67,73.89
1403,455,12,3,47.48
1404,136,15,12,63.72
1405,121,1,91,84.93
1406,462,33,10,84.55
1407,263,48,1,33.82
1408,96,25,69,50.15
1409,482,21,11,64.53
1410,18,19,36,9.05
1411,285,28,55,94.69
1412,8,17,87,44.41
1413,82,28,51,38.34
1414,46,41,72,90.9
1415,429,43,89,13.59
1416,89,26,3,5.85
1417,0,34,3,69.13
1418,386,28,48,39.73
1419,161,5,51,76.92
1420,152,36,33,8.72
1421,413,24,21,39.61
1422,0,20,12,25.06
1423,378,30,62,74.48
1424,145,39,14,24.26
1425,160,49,39,46.88
1426,392,15,37,82.25
1427,134,13,54,91.71
1428,285,5,43,72.82
1429,76,10,65,44.06
1430,80,26,65,58.05
1431,268,37,42,69.59
1432,268,4,71,87.74
1433,41,14,37,89.08
1434,123,37,81,93.24
1435,229,15,28,81.45
1436,356,17,74,16.39
1437,201,32,55,75.27
1438,333,34,5,81.83
1439,446,23,8,88.03
1440,106,34,21,92.63
1441,452,6,45,51.9
1442,291,13,88,66.2
1443,290,49,30,2.94
1444,173,29,20,58.13
1445,428,23,37,48.37
1446,311,14,51,96.31
1447,86,12,18,90.37
1448,4,18,9,80.17
1449,171,28,45,7.59
1450,120,21,75,41.4
1451,155,1,82,70.21
1452,86,38,65,4.91
1453,425,12,78,25.11
1454,97,35,37,88.98
1455,414,37,61,14.72
1456,134,17,71,7.03
1457,6,14,45,58.9
1458,259,34,34,94.75
1459,363,16,42,83.79
1460,383,47,29,97.53
1461,31,12,72,75.85
1462,27,21,62,44.86
1463,439,39,29,94.77
1464,259,20,82,43.81
1465,486,25,28,36.31
1466,243,45,65,45.92
1467,364,3,91,81.77
1468,263,6,71,91.93
1469,141,9,88,37.05
1470,29,14,73,47.3
1471,386,25,21,90.04
1472,129,15,34,6.61
1473,265,39,41,78.82
1474,69,33,23,46.51
1475,118,16,25,38.9
1476,326,37,30,45.8
1477,399,15,86,43.03
1478,69,33,1,76.15
1479,207,28,38,92.94
1480,90,17,96,50.16
1481,119,10,87,83.61
1482,459,11,11,73.73
1483,469,36,72,34.41
1484,206,1,43,59.56
1485,405,17,42,67.35
1486,255,37,66,4.3
1487,34,32,86,40.8
1488,123,8,87,99.28
1489,111,14,96,64.45
1490,497,27,93,34.76
1491,206,7,37,26.5
1492,470,45,65,22.53
1493,101,35,39,41.36
1494,432,38,21,20.94
1495,385,7,74,15.25
1496,193,41,62,37.68
1497,240,49,58,61.49
1498,146,49,75,16.35
1499,452,18,18,6.35
1500,131,3,19,5.39
1501,219,26,72,28.2
1502,337,12,42,20.63
1503,103,37,57,54.85
1504,40,20,81,46.66
1505,55,25,53,33.83
1506,310,44,81,83.69
1507,249,22,39,51.48
1508,241,29,99,10.97
1509,414,30,26,30.98
1510,126,30,12,97.39
1511,149,15,46,97.74
1512,330,41,71,26.96
1513,431,40,22,18.39
1514,335,6,58,50.58
1515,383,16,76,49.18
1516,387,23,6,42.19
1517,148,19,49,53.88
1518,168,38,65,24.76
1519,44,26,2,13.26
1520,472,1,38,57.91
1521,83,0,86,93.39
1522,7,33,6,15.5
1523,106,26,67,71.07
1524,372,36,54,44.91
1525,264,49,7,30.81
1526,145,5,31,85.6
1527,30,37,18,46.74
1528,243,26,11,59.16
1529,34,47,56,45.42
1530,246,15,9,9.96
1531,413,34,77,60.3
1532,17,26,90,43.05
1533,466,34,20,10.5
1534,424,35,19,60.39
1535,23,37,3,2.97
1536,497,27,18,22.43
1537,341,2,28,78.54
1538,303,40,70,5.72
1539,397,30,63,65.37
1540,402,2,96,95.07
1541,315,37,71,18.78
1542,348,23,10,42.88
1543,277,25,32,58.4
1544,29,40,24,46.14
1545,142,46,32,62.8
1546,276,27,99,41.6
1547,409,8,25,16.55
1548,355,36,35,10.73
1549,11,26,10,74.96
1550,390,47,29,25.39
1551,202,2,56,85.05
1552,249,40,96,74.82
1553,102,48,9,6.85
1554,467,27,92,21.72
1555,34,31,24,30.62
1556,323,34,95,60.26
1557,385,6,67,81.36
1558,19,6,56,7.91
1559,46,20,33,26.46
1560,83,31,85,38.87
1561,267,37,76,19.97
1562,52,19,53,55.44
1563,272,7,50,48.84
1564,17,3,99,33.02
1565,103,25,5,52.65
1566,151,14,58,36.87
1567,327,5,53,35.63
1568,164,47,16,28.01
1569,360,31,25,54.96
1570,413,4,87,45.52
1571,83,43,8,21.24
1572,307,45,1,3.27
1573,150,5,19,16.79
1574,36,2,90,6.2
1575,378,28,5,44.3
1576,457,18,90,24.06
1577,352,9,87,43.2
1578,151,6,78,34.29
1579,355,44,54,54.73
1580,375,0,47,72.94
1581,207,0,57,48.97
1582,49,16,96,8.07
1583,219,21,41,3.72
1584,459,35,73,22.9
1585,403,13,20,43.65
1586,46,5,5,6.4
1587,17,29,29,34.12
1588,484,45,22,88.93
1589,121,46,35,10.82
1590,281,32,2,94.95
1591,493,19,89,85.95
1592,119,15,33,83.51
1593,250,3,29,86.64
1594,326,33,81,9.84
1595,298,0,80,16.81
1596,46,12,41,15.17
1597,84,47,20,12.9
1598,298,7,87,34.12
1599,383,21,3,83.36
1600,159,3,48,26.69
1601,6,33,47,25.93
1602,244,44,88,68.24
1603,214,36,50,11.5
1604,211,22,23,37.31
1605,211,19,45,30.95
1606,287,23,26,85.04
1607,217,26,94,52.42
1608,483,12,50,65.35
1609,250,4,98,14.65
1610,343,15,19,93.03
1611,320,37,79,33.6
1612,313,47,94,71.27
1613,180,28,70,95.55
1614,91,25,17,51.85
1615,217,21,7,51.74
1616,289,23,26,13.49
1617,89,12,13,40.25
1618,483,42,17,85.54
1619,196,20,64,15.24
1620,183,0,30,91.92
1621,65,3,19,67.4
1622,415,2,69,43.25
1623,97,49,44,55.56
1624,305,22,0,16.75
1625,477,15,18,23.31
1626,23,44,38,30.07
1627,219,12,26,39.71
1628,173,38,55,91.72
1629,386,30,15,38.02
1630,244,23,77,53.34
1631,113,46,97,17.88
1632,265,14,6,74.13
1633,389,4,19,56.91
1634,353,48,30,45.11
1635,222,21,85,94.82
1636,307,21,83,89.28
1637,234,10,78,66.63
1638,305,23,24,92.34
1639,109,44,0,57.35
1640,313,9,16,83.04
1641,435,46,79,42.13
1642,12,33,84,10.5
1643,124,10,26,99.43
1644,314,42,98,18.23
1645,166,28,23,26.65
1646,52,21,61,17.98
1647,185,32,51,35.07
1648,275,7,50,30.35
1649,446,48,65,60.91
1650,351,31,56,99.65
1651,9,39,54,7.15
1652,409,44,52,78.29
1653,146,22,88,14.54
1654,476,4,18,3.94
1655,316,30,12,64.58
1656,332,28,28,87.58
1657,117,5,95,19.28
1658,417,24,5,35.48
1659,339,24,72,18.54
1660,427,30,0,90.84
1661,487,13,23,28.5
1662,17,16,73,45.58
1663,376,15,98,89.68
1664,225,27,5,56.18
1665,111,8,47,93.42
1666,71,1,19,92.79
1667,143,3,75,47.24
1668,103,19,66,59.07
1669,214,40,54,24.57
1670,479,35,17,99.07
1671,76,36,20,29.28
1672,25,5,98,78.76
1673,229,0,63,32.67
1674,192,44,36,32.68
1675,449,49,18,12.18
1676,102,2,88,56.87
1677,204,36,55,25.99
1678,410,44,61,16.54
1679,259,41,17,24.21
1680,232,2,29,26.61
1681,50,42,55,51.4
1682,467,32,41,39.82
1683,130,14,52,9.4
1684,342,3,97,54.53
1685,65,14,73,79.2
1686,399,6,85,58.28
1687,201,46,49,97.5
1688,283,3,3,11.72
1689,299,2,62,82.47
1690,145,22,66,51.56
1691,257,13,55,53.12
1692,461,5,48,52.87
1693,427,32,91,33.88
1694,403,8,21,33.81
1695,311,11,11,63.92
1696,375,49,48,6.39
1697,103,34,12,59.7
1698,150,30,32,73.01
1699,117,2,46,36.92
1700,315,45,63,23.3
1701,198,35,82,22.91
1702,428,12,16,10.02
1703,302,12,33,10.79
1704,333,33,67,18.34
1705,420,20,38,3.88
1706,391,33,71,28.09
1707,497,41,96,32.03
1708,388,42,0,99.53
1709,278,27,4,99.19
1710,104,46,95,20.33
1711,9,34,39,22.88
1712,112,13,62,50.21
1713,26,17,0,16.58
1714,98,18,34,51.4
1715,256,18,85,41.14
1716,326,32,92,33.81
1717,494,34,16,82.62
1718,370,19,93,83.16
1719,135,28,98,98.81
1720,394,7,59,23.86
1721,225,24,0,89.05
1722,126,16,3,54.71
1723,115,0,8,59.96
1724,411,37,44,89.84
1725,289,48,31,94.38
1726,170,29,68,73.23
1727,211,27,13,36.09
1728,411,32,50,49.99
1729,432,12,89,62.28
1730,188,23,22,83.21
1731,489,43,45,66.48
1732,420,36,85,37.81
1733,386,21,26,42.95
1734,264,12,88,6.94
1735,499,39,35,92.58
1736,213,11,67,10.64
1737,88,40,31,58.83
1738,129,48,72,87.42
1739,22,45,65,43.24
1740,178,6,41,80.41
1741,400,35,49,80.77
1742,408,28,56,7.86
1743,459,28,63,42.39
1744,410,25,45,69.72
1745,19,26,88,43.39
1746,328,23,73,55.43
1747,470,30,88,60.26
1748,419,6,53,16.82
1749,411,16,52,42.37
1750,241,48,28,4.79
1751,239,32,36,16.66
1752,28,33,68,52.2
1753,244,17,13,58.21
1754,119,40,96,16.33
1755,425,4,26,76.05
1756,313,0,4,38.55
1757,373,6,43,92.22
1758,31,33,14,39.99
1759,139,2,66,16.68
1760,157,35,0,76.28
1761,59,34,23,57.64
1762,138,11,75,39.9
1763,356,14,61,36.88
1764,211,3,77,16.78
1765,138,32,56,35.4
1766,367,15,19,4.88
1767,110,28,57,51.24
1768,485,5,13,89.88
1769,492,48,77,79.94
1770,335,36,52,4.8
1771,250,22,34,88.36
1772,98,12,61,46.33
1773,177,43,60,20.71
1774,0,0,18,75.74
1775,88,11,83,33.64
1776,112,26,41,26.83
1777,282,24,43,17.81
1778,115,21,86,49.69
1779,31,33,97,11.15
1780,261,17,0,78.99
1781,40,40,67,48.13
1782,419,15,80,45.8
1783,166,28,89,2.18
1784,342,29,77,82.15
1785,220,29,45,50.3
1786,413,19,50,45.11
1787,213,46,31,76.62
1788,312,21,99,8.16
1789,394,41,83,37.93
1790,345,33,79,58.42
1791,470,3,18,47.14
1792,130,49,38,19.8
1793,47,30,87,31.33
1794,133,49,13,31.42
1795,6,13,28,99.21
1796,43,7,41,33.97
1797,486,36,13,22.11
1798,316,4,10,82.62
1799,437,7,74,43.27
1800,434,10,46,45.5
1801,85,28,23,55.79
1802,47,20,21,60.38
1803,497,38,48,59.87
1804,489,12,54,5.38
1805,316,48,54,82.25
1806,352,18,84,21.1
1807,423,2,69,30.65
1808,386,33,77,19.0
1809,413,37,72,77.17
1810,239,18,34,59.2
1811,151,31,43,76.02
1812,450,46,35,66.03
1813,257,35,88,12.21
1814,43,38,14,31.55
1815,167,13,44,51.71
1816,274,6,61,31.88
1817,190,19,91,22.32
1818,151,31,49,87.24
1819,49,45,77,75.28
1820,275,30,12,35.83
1821,312,21,30,76.97
1822,494,4,4,63.5
1823,368,30,82,2.37
1824,305,14,7,39.27
1825,94,43,12,30.47
1826,241,16,40,23.36
1827,104,36,16,26.66
1828,441,18,31,94.35
1829,414,9,4,49.66
1830,420,43,8,85.08
1831,362,33,33,22.99
1832,348,48,0,19.09
1833,259,24,39,89.1
1834,441,36,78,50.58
1835,137,27,53,89.72
1836,318,14,31,8.18
1837,419,19,97,91.81
1838,182,12,98,42.71
1839,482,19,49,17.23
1840,56,42,58,68.97
1841,239,30,91,80.1
1842,468,17,80,6.64
1843,426,40,61,98.75
1844,104,47,10,70.31
1845,64,27,22,33.5
1846,489,46,25,16.83
1847,139,3,62,40.47
1848,61,23,45,23.62
1849,151,43,68,50.43
1850,129,44,89,78.63
1851,430,8,5,66.69
1852,125,46,50,44.72
1853,439,49,42,13.66
1854,211,31,97,95.8
1855,399,31,41,28.5
1856,161,38,12,29.23
1857,204,20,24,65.26
1858,401,43,1,77.51
1859,28,41,13,98.45
1860,181,38,16,96.98
1861,50,45,39,91.55
1862,234,26,38,44.66
1863,13,46,24,18.33
1864,349,35,90,59.28
1865,57,7,47,3.69
1866,418,18,87,21.23
1867,136,28,48,2.25
1868,127,18,32,19.69
1869,36,4,26,48.53
1870,493,21,44,40.55
1871,358,34,30,38.19
1872,267,9,62,83.43
1873,84,14,37,68.15
1874,209,1,78,93.77
1875,138,41,39,45.64
1876,26,21,57,28.68
1877,343,47,64,14.02
1878,232,34,10,67.86
1879,170,38,14,84.49
1880,177,18,96,20.01
1881,353,46,56,88.12
1882,19,11,95,53.58
1883,396,33,24,16.12
1884,302,44,38,65.0
1885,263,19,32,52.97
1886,484,6,28,4.76
1887,196,23,57,41.13
1888,326,2,97,78.91
1889,63,5,71,56.43
1890,43,32,10,29.64
1891,243,33,12,93.01
1892,11,32,68,25.3
1893,360,28,82,26.77
1894,259,22,20,36.75
1895,295,3,2,89.66
1896,402,4,25,51.75
1897,437,33,32,68.85
1898,256,15,93,97.67
1899,374,39,21,78.76
1900,234,46,61,18.91
1901,246,42,4,79.26
1902,140,41,18,75.34
1903,305,2,8,24.8
1904,180,42,57,33.88
1905,499,48,23,71.59
1906,425,41,38,25.36
1907,364,48,75,22.4
1908,152,13,60,70.94
1909,43,32,47,88.3
1910,108,27,90,9.35
1911,97,40,49,45.7
1912,226,14,61,61.5
1913,444,3,52,68.28
1914,80,19,20,99.63
1915,217,24,37,68.9
1916,148,34,98,62.78
1917,434,38,95,98.99
1918,75,21,58,7.95
1919,79,34,99,9.29
1920,51,46,96,56.95
1921,62,27,42,37.15
1922,83,9,16,11.48
1923,437,15,68,32.03
1924,393,48,43,68.09
1925,342,22,83,88.3
1926,366,18,62,11.24
1927,477,0,22,54.93
1928,254,0,67,31.02
1929,58,45,25,67.4
1930,7,25,93,55.85
1931,306,33,47,92.82
1932,388,1,46,5.69
1933,75,27,45,48.06
1934,425,19,28,20.89
1935,77,41,33,54.6
1936,123,46,9,85.65
1937,11,26,19,91.31
1938,279,27,87,41.03
1939,44,30,33,81.55
1940,52,46,12,29.49
1941,180,6,86,2.62
1942,400,7,9,85.81
1943,448,31,85,13.7
1944,373,10,44,3.73
1945,233,47,77,36.67
1946,185,25,88,39.18
1947,292,24,81,9.57
1948,74,6,83,81.79
1949,425,19,91,41.75
1950,197,40,7,50.01
1951,78,29,4,27.93
1952,232,0,84,52.13
1953,167,17,19,77.14
1954,22,7,43,90.81
1955,406,28,79,97.11
1956,485,39,57,43.82
1957,229,21,19,99.02
1958,304,31,88,30.91
1959,383,39,70,2.68
1960,459,13,88,77.23
1961,134,1,99,19.49
1962,292,34,73,7.14
1963,399,6,39,92.55
1964,37,2,15,79.6
1965,231,14,3,12.06
1966,354,42,9,78.14
1967,167,33,50,84.71
1968,284,21,47,90.72
1969,102,17,94,55.28
1970,144,45,75,70.93
1971,242,17,19,76.7
1972,473,33,31,69.49
1973,147,35,65,65.39
1974,365,45,59,55.66
1975,152,38,10,48.96
1976,315,46,19,99.62
1977,421,37,22,35.08
1978,318,36,76,10.65
1979,294,17,34,76.97
1980,125,42,16,22.95
1981,191,39,9,54.2
1982,484,28,37,11.39
1983,82,11,77,62.69
1984,20,17,82,94.51
1985,287,30,31,72.83
1986,283,14,53,23.02
1987,358,39,96,97.17
1988,488,29,56,32.09
1989,267,35,88,44.79
1990,120,27,24,50.82
1991,110,14,13,99.09
1992,78,42,44,8.75
1993,347,32,43,70.28
1994,375,1,37,37.47
1995,84,7,35,9.68
1996,79,47,87,93.63
1997,150,32,38,59.81
1998,243,34,38,75.84
1999,217,17,12,25.56
2000,14,25,65,76.63
2001,100,47,33,83.19
2002,267,20,14,44.22
2003,387,27,57,58.05
2004,34,19,58,97.24
2005,350,44,65,84.98
2006,444,19,51,45.6
2007,282,3,88,67.13
2008,124,35,68,78.85
2009,223,33,97,4.38
2010,160,44,4,59.66
2011,12,12,42,98.48
2012,164,30,7,94.82
2013,427,38,77,83.58
2014,257,6,92,12.41
2015,421,16,93,99.42
2016,292,41,62,61.73
2017,442,11,67,23.85
2018,113,29,34,68.08
2019,119,47,70,85.94
2020,68,33,89,13.01
2021,273,21,31,91.81
2022,47,20,96,92.18
2023,336,8,23,3.32
2024,321,11,49,90.23
2025,432,16,58,94.79
2026,361,15,64,5.69
2027,57,4,92,30.83
2028,418,18,37,38.56
2029,77,27,37,36.19
2030,498,16,20,76.38
2031,203,21,22,37.09
2032,441,34,45,95.74
2033,224,48,68,99.51
2034,262,14,29,33.05
2035,102,18,39,51.86
2036,108,46,81,56.66
2037,264,49,69,58.78
2038,324,25,68,38.67
2039,387,43,41,18.27
2040,415,43,17,7.35
2041,388,34,58,12.42
2042,55,42,12,90.33
2043,311,22,83,29.48
2044,251,9,20,9.53
2045,499,21,67,63.11
2046,299,46,76,9.38
2047,71,10,81,8.87
2048,140,25,76,62.91
2049,387,0,76,59.96
2050,179,35,60,6.06
2051,202,20,98,47.13
2052,270,7,37,44.71
2053,375,19,39,55.58
2054,109,44,26,74.31
2055,81,16,57,29.71
2056,83,14,89,44.41
2057,256,20,75,79.69
2058,192,0,65,92.41
2059,138,2,42,89.35
2060,220,30,19,48.81
2061,188,30,34,53.04
2062,348,20,54,53.85
2063,343,22,73,87.13
2064,339,16,71,84.31
2065,477,21,39,32.53
2066,446,21,45,17.96
2067,421,35,99,39.14
2068,196,7,94,30.26
2069,300,46,78,95.18
2070,73,7,41,28.06
2071,197,13,17,19.76
2072,323,37,14,90.15
2073,259,23,82,10.47
2074,198,21,87,27.51
2075,303,14,98,45.03
2076,352,19,65,60.32
2077,136,26,12,34.11
2078,345,27,56,50.63
2079,498,21,8,21.49
2080,499,30,98,58.28
2081,174,8,65,41.97
2082,488,22,15,85.23
2083,468,4,99,42.74
2084,315,44,1,45.49
2085,307,38,15,60.03
2086,379,16,71,14.07
2087,341,39,0,17.37
2088,416,4,81,79.44
2089,441,6,25,28.8
2090,352,7,43,69.1
2091,303,6,4,11.55
2092,132,21,20,82.54
2093,468,43,34,98.85
2094,26,37,91,38.62
2095,424,20,53,51.54
2096,256,3,89,45.39
2097,50,31,95,89.63
2098,143,28,49,2.97
2099,354,29,43,66.04
2100,355,2,84,65.93
2101,235,4,3,39.47
2102,159,18,41,23.49
2103,476,7,40,25.49
2104,358,36,35,80.45
2105,302,30,23,8.48
2106,406,26,96,57.25
2107,270,12,4,32.07
2108,153,41,56,27.99
2109,36,5,66,51.56
2110,216,0,10,89.99
2111,438,29,44,62.57
2112,129,10,95,79.28
2113,75,40,21,60.87
2114,402,30,10,70.38
2115,287,15,37,44.38
2116,470,14,58,92.75
2117,196,4,85,51.19
2118,310,14,3,56.07
2119,216,0,66,53.45
2120,98,14,9,32.99
2121,311,35,18,24.66
2122,284,47,81,9.24
2123,229,38,27,72.38
2124,108,7,94,30.35
2125,339,21,16,40.14
2126,494,26,23,92.15
2127,163,33,0,57.51
2128,115,29,4,11.51
2129,70,11,31,80.36
2130,213,1,52,27.1
2131,337,45,80,56.17
2132,52,37,56,51.98
2133,84,21,84,25.33
2134,341,16,42,13.35
2135,422,34,85,22.7
2136,75,41,38,11.54
2137,266,44,33,29.01
2138,247,22,77,99.74
2139,331,28,79,41.41
2140,473,28,4,86.66
2141,285,49,17,55.82
2142,78,18,3,67.33
2143,455,16,91,17.32
2144,106,7,90,28.93
2145,436,49,69,52.02
2146,81,6,10,88.35
2147,201,10,46,6.2
2148,391,2,84,51.68
2149,229,1,80,7.0
2150,226,18,30,46.77
2151,19,27,97,63.63
2152,267,27,12,74.98
2153,496,24,22,15.58
2154,322,10,64,18.32
2155,467,39,67,48.07
2156,177,42,29,99.81
2157,381,1,30,36.89
2158,139,11,46,43.9
2159,309,40,15,44.38
2160,471,37,42,9.91
2161,79,11,2,77.87
2162,379,49,11,26.8
2163,181,24,75,70.96
2164,73,36,10,48.56
2165,146,30,15,61.95
2166,232,16,28,7.29
2167,141,47,20,89.22
2168,435,11,57,25.9
2169,461,29,42,67.67
2170,149,1,4,80.21
2171,131,15,51,54.92
2172,238,0,12,35.06
2173,371,33,80,97.83
2174,314,44,11,29.29
2175,161,47,80,94.97
2176,319,0,0,17.31
2177,249,35,7,40.14
2178,127,2,15,15.57
2179,273,33,14,2.22
2180,481,11,18,27.51
2181,81,44,24,10.55
2182,231,26,30,98.66
2183,30,49,1,76.64
2184,233,36,58,2.36
2185,83,24,88,23.92
2186,483,11,30,67.67
2187,41,32,67,41.06
2188,201,8,67,83.52
2189,250,0,11,51.48
2190,386,49,16,66.06
2191,84,22,84,60.51
2192,483,27,28,64.54
2193,182,2,85,24.55
2194,265,37,35,38.58
2195,70,35,79,6.96
2196,21,43,62,59.59
2197,406,43,14,47.01
2198,75,4,29,76.55
2199,486,28,50,22.23
2200,268,12,10,44.81
2201,167,43,56,19.71
2202,378,3,12,62.17
2203,396,5,86,85.11
2204,352,37,54,77.01
2205,350,5,97,94.53
2206,239,10,62,97.23
2207,50,26,83,77.66
2208,447,45,1,30.11
2209,475,34,71,23.49
2210,82,39,81,45.86
2211,468,3,55,99.4
2212,351,26,6,42.44
2213,89,15,42,21.51
2214,381,17,30,94.55
2215,12,6,60,39.82
2216,156,10,21,69.71
2217,198,7,61,79.24
2218,430,5,27,84.63
2219,153,47,24,82.49
2220,197,4,64,83.95
2221,223,5,31,67.43
2222,483,37,88,41.58
2223,117,1,47,67.39
2224,150,30,79,84.0
2225,243,38,92,36.36
2226,74,31,23,31.06
2227,439,8,80,35.68
2228,212,14,41,56.03
2229,274,20,69,7.14
2230,353,45,77,78.34
2231,496,27,89,15.61
2232,366,44,91,15.02
2233,243,26,35,21.37
2234,177,4,30,58.54
2235,107,16,26,29.99
2236,290,36,65,38.07
2237,176,23,82,93.3
2238,478,30,91,85.03
2239,173,34,44,85.51
2240,92,40,43,58.61
2241,453,40,56,86.91
2242,99,3,20,78.3
2243,180,19,54,95.42
2244,158,42,14,8.31
2245,95,16,33,4.82
2246,231,45,2,19.15
2247,250,9,0,93.05
2248,339,36,23,61.35
2249,405,20,42,43.76
2250,66,20,26,52.25
2251,391,48,8,83.3
2252,236,15,87,93.05
2253,18,32,16,73.51
2254,286,9,91,76.47
2255,287,43,38,33.4
2256,206,17,54,47.77
2257,310,32,67,88.75
2258,102,28,92,79.02
2259,158,30,44,69.06
2260,194,23,27,8.39
2261,50,11,55,5.87
2262,377,19,28,14.78
2263,223,5,28,58.98
2264,201,7,68,54.57
2265,91,13,10,94.38
2266,154,4,1,70.09
2267,175,35,67,30.81
2268,109,47,9,17.83
2269,487,37,71,85.25
2270,298,2,86,47.04
2271,222,35,26,66.04
2272,178,21,86,57.38
2273,225,7,97,12.53
2274,452,13,34,7.59
2275,74,6,80,38.95
2276,70,3,49,37.43
2277,327,18,73,68.03
2278,208,42,1,63.96
2279,491,46,16,96.96
2280,433,23,94,86.09
2281,444,15,79,50.67
2282,102,5,23,51.0
2283,40,43,56,68.06
2284,434,7,70,13.18
2285,333,24,82,99.99
2286,279,31,15,52.84
2287,29,24,96,91.17
2288,242,9,35,96.8
2289,51,42,44,59.0
2290,433,40,9,12.13
2291,56,16,62,58.19
2292,189,45,42,60.57
2293,78,2,50,79.34
2294,372,8,78,6.73
2295,436,17,2,47.7
2296,195,48,65,92.43
2297,460,29,34,99.15
2298,196,4,90,20.76
2299,30,31,68,87.32
2300,331,26,78,16.33
2301,29,20,35,84.44
2302,112,23,48,29.17
2303,137,37,96,96.04
2304,221,2,0,70.16
2305,473,15,75,41.11
2306,171,14,41,29.54
2307,389,24,40,25.05
2308,154,7,72,68.72
2309,275,40,56,89.79
2310,219,3,19,75.98
2311,275,31,93,83.81
2312,11,44,13,78.58
2313,492,34,86,97.96
2314,84,29,92,76.26
2315,221,38,98,22.6
2316,48,47,51,79.58
2317,179,48,90,33.56
2318,9,29,53,99.59
2319,498,16,48,38.91
2320,260,18,90,30.69
2321,319,30,29,25.44
2322,185,16,2,66.53
2323,228,1,11,12.7
2324,391,36,30,95.45
2325,157,47,36,30.84
2326,272,28,26,30.95
2327,322,29,23,6.51
2328,20,42,40,26.11
2329,15,21,63,43.06
2330,479,37,10,38.22
2331,282,10,90,28.76
2332,114,32,72,5.99
2333,5,18,15,31.46
2334,297,2,13,78.28
2335,399,39,46,45.0
2336,428,21,29,30.5
2337,258,17,23,31.87
2338,39,44,12,56.33
2339,275,29,96,31.62
2340,231,0,8,63.82
2341,6,19,48,98.97
2342,314,48,25,6.04
2343,394,4,48,18.54
2344,92,11,41,19.55
2345,307,10,44,45.81
2346,386,23,76,6.06
2347,20,17,20,48.8
2348,436,7,28,93.03
2349,479,28,91,3.13
2350,413,21,23,37.76
2351,486,44,76,76.57
2352,10,1,41,17.14
2353,464,22,83,9.6
2354,408,15,70,63.82
2355,49,43,40,2.98
2356,472,7,47,80.57
2357,264,3,78,8.55
2358,44,13,88,53.39
2359,284,8,98,74.53
2360,317,10,76,25.72
2361,270,47,42,12.15
2362,274,37,7,19.21
2363,398,43,84,85.76
2364,422,15,62,71.17
2365,34,12,62,21.41
2366,487,35,5,72.18
2367,140,43,73,71.44
2368,143,35,51,99.78
2369,322,16,20,40.37
2370,244,13,13,86.76
2371,350,28,57,45.75
2372,310,16,96,89.98
2373,192,0,24,10.98
2374,34,19,55,19.18
2375,271,32,82,85.3
2376,384,1,8,82.29
2377,177,16,99,31.93
2378,269,22,35,60.49
2379,317,21,56,39.5
2380,390,0,78,3.01
2381,150,11,4,4.56
2382,98,12,80,7.32
2383,446,13,93,60.22
2384,28,9,6,29.36
2385,149,11,5,16.11
2386,207,21,78,94.23
2387,348,17,51,13.89
2388,261,38,73,68.05
2389,209,18,69,89.63
2390,412,29,54,18.06
2391,88,14,76,23.04
2392,236,38,13,58.23
2393,247,13,0,51.83
2394,257,8,96,53.06
2395,491,4,82,56.36
2396,191,32,72,95.09
2397,95,47,36,7.28
2398,35,4,48,76.52
2399,95,23,11,24.79
2400,488,7,4,38.62
2401,403,18,69,10.75
2402,438,11,10,45.67
2403,36,7,52,80.81
2404,233,7,54,11.68
2405,101,37,73,29.01
2406,480,19,78,38.56
2407,179,28,49,12.18
2408,324,40,52,76.71
2409,69,33,54,79.12
2410,405,17,91,83.92
2411,468,0,2,59.22
2412,466,10,15,51.71
2413,106,46,44,27.73
2414,270,43,80,66.21
2415,353,34,35,45.57
2416,46,31,18,97.14
2417,454,41,3,96.88
2418,464,15,58,90.71
2419,107,5,88,37.29
2420,363,8,90,38.06
2421,68,39,11,85.56
2422,307,21,62,73.46
2423,422,47,55,71.03
2424,1,7,26,29.4
2425,218,31,67,83.67
2426,44,25,23,58.78
2427,407,17,80,45.79
2428,232,36,25,86.81
2429,188,11,81,40.63
2430,366,37,21,66.08
2431,347,33,69,47.66
2432,121,3,18,60.09
2433,494,15,33,5.97
2434,64,23,10,47.19
2435,436,13,87,56.54
2436,371,16,44,50.29
2437,148,30,36,85.05
2438,248,3,22,32.49
2439,382,49,39,88.64
2440,475,43,42,41.54
2441,66,33,3,70.06
2442,349,37,81,10.5
2443,384,37,93,21.62
2444,58,2,14,76.59
2445,114,7,22,3.21
2446,115,11,11,96.92
2447,236,34,67,20.68
2448,46,1,67,90.33
2449,108,28,51,52.56
2450,273,22,40,57.33
2451,112,32,77,10.24
2452,32,49,58,37.79
2453,398,17,57,17.31
2454,279,39,58,53.54
2455,291,21,71,55.97
2456,315,13,22,71.55
2457,161,28,0,88.07
2458,89,44,55,47.88
2459,50,14,74,24.87
2460,423,14,90,34.69
2461,405,44,3,85.01
2462,143,3,28,16.29
2463,103,35,16,63.47
2464,169,4,48,3.28
2465,15,2,82,26.08
2466,132,11,50,59.96
2467,498,19,48,46.73
2468,389,43,23,50.37
2469,169,19,43,66.74
2470,471,38,40,24.99
2471,29,38,56,29.52
2472,484,0,55,69.08
2473,159,43,31,54.75
2474,436,2,30,3.43
2475,146,46,15,67.69
2476,306,8,31,62.77
2477,236,19,41,9.7
2478,411,8,33,75.26
2479,174,30,98,53.17
2480,71,45,36,22.07
2481,383,27,15,56.82
2482,362,34,84,60.35
2483,126,39,12,92.17
2484,384,37,81,74.73
2485,195,43,65,31.59
2486,184,1,32,13.58
2487,149,2,81,85.61
2488,213,13,91,84.91
2489,93,16,34,19.18
2490,57,34,36,8.09
2491,218,3,75,71.76
2492,218,46,39,72.81
2493,12,29,7,19.36
2494,422,38,53,67.48
2495,282,13,88,29.33
2496,422,47,6,27.54
2497,485,26,1,33.8
2498,376,12,96,53.0
2499,455,19,55,80.84
2500,139,48,96,50.87
2501,407,48,56,31.21
2502,273,23,48,88.63
2503,118,9,86,7.4
2504,270,6,68,80.11
2505,443,16,77,78.87
2506,399,21,7,26.85
2507,96,43,83,21.43
2508,329,10,62,87.72
2509,46,41,81,56.77
2510,151,22,86,6.51
2511,172,21,92,89.3
2512,274,39,70,36.2
2513,346,46,87,35.53
2514,236,17,45,65.04
2515,424,44,88,66.81
2516,30,25,77,36.62
2517,212,47,66,16.04
2518,271,29,45,56.12
2519,406,12,77,63.27
2520,77,3,66,86.3
2521,278,42,41,49.48
2522,40,26,63,65.28
2523,145,39,72,7.33
2524,419,9,52,89.66
2525,11,43,70,34.07
2526,247,27,89,63.96
2527,228,20,6,91.77
2528,330,10,6,81.43
2529,452,19,35,64.49
2530,178,35,12,70.95
2531,340,18,66,92.25
2532,159,9,19,81.59
2533,220,14,72,61.77
2534,326,44,52,66.55
2535,163,44,85,16.43
2536,167,17,51,48.08
2537,381,6,96,31.5
2538,218,29,60,44.33
2539,69,13,86,66.9
2540,421,36,86,16.62
2541,437,40,89,3.7
2542,259,29,95,40.9
2543,429,26,60,33.57
2544,62,48,55,43.2
2545,482,36,91,93.26
2546,457,47,93,71.29
2547,245,40,39,34.09
2548,485,16,80,19.57
2549,49,29,62,62.61
2550,285,17,56,66.44
2551,233,2,81,49.4
2552,456,27,88,22.85
2553,15,36,3,4.8
2554,435,29,25,28.03
2555,3,20,94,46.8
2556,281,48,61,79.22
2557,156,19,75,85.67
2558,219,21,53,42.47
2559,394,35,61,80.02
2560,347,35,17,99.35
2561,363,20,9,72.23
2562,479,23,35,73.4
2563,407,20,1,91.13
2564,50,6,59,35.14
2565,41,7,88,3.1
2566,422,21,46,98.72
2567,134,21,72,50.07
2568,273,29,31,79.0
2569,258,33,68,81.62
2570,190,28,50,40.96
2571,255,9,66,55.04
2572,235,4,80,54.91
2573,493,48,76,23.58
2574,275,38,66,13.53
2575,353,33,91,55.27
2576,477,37,67,13.77
2577,72,9,81,35.92
2578,73,8,55,20.24
2579,122,31,98,71.28
2580,69,4,13,87.46
2581,400,34,15,58.64
2582,78,10,75,42.2
2583,480,41,74,99.67
2584,247,15,65,4.08
2585,186,26,32,31.83
2586,437,19,12,29.31
2587,140,0,29,36.91
2588,297,25,25,24.6
2589,43,10,81,27.9
2590,246,14,12,27.25
2591,469,38,67,51.56
2592,335,39,32,40.32
2593,225,47,14,64.65
2594,66,17,16,52.41
2595,455,23,5,19.98
2596,275,27,4,81.38
2597,252,24,32,48.28
2598,302,22,53,17.02
2599,279,10,15,18.35
2600,178,32,45,80.1
2601,401,15,23,70.89
2602,278,35,4,51.64
2603,128,22,66,32.0
2604,378,5,98,47.13
2605,114,42,90,64.38
2606,321,23,75,88.17
2607,388,37,49,56.48
2608,273,41,40,29.12
2609,463,5,88,6.19
2610,201,9,54,19.19
2611,116,21,80,65.72
2612,476,22,19,17.72
2613,34,4,91,49.19
2614,408,27,49,70.5
2615,105,8,34,32.21
2616,248,38,49,67.57
2617,151,48,78,58.95
2618,140,43,32,45.02
2619,404,27,66,89.93
2620,489,24,70,69.82
2621,490,42,9,37.34
2622,294,37,89,80.82
2623,161,26,40,74.33
2624,146,23,39,79.59
2625,411,42,5,64.81
2626,255,42,32,39.18
2627,90,45,15,36.16
2628,369,15,23,66.11
2629,217,1,93,14.83
2630,138,1,59,82.35
2631,176,4,73,38.29
2632,290,45,10,63.78
2633,339,20,43,50.91
2634,75,9,85,52.89
2635,56,41,2,74.32
2636,27,17,37,63.41
2637,321,25,39,26.53
2638,320,19,86,9.27
2639,456,40,18,84.34
2640,149,35,39,88.72
2641,306,48,52,18.12
2642,487,20,76,32.33
2643,346,1,35,29.67
2644,392,45,66,93.87
2645,198,32,85,22.07
2646,163,22,88,18.32
2647,181,38,19,19.82
2648,239,30,27,73.53
2649,421,3,56,89.03
2650,241,40,2,40.55
2651,65,2,85,15.34
2652,170,36,36,59.4
2653,132,9,17,22.57
2654,80,41,83,8.29
2655,164,31,45,88.85
2656,441,35,4,87.34
2657,62,48,72,97.64
2658,354,26,92,48.45
2659,50,48,80,30.81
2660,71,18,75,77.44
2661,42,37,56,19.69
2662,322,0,25,25.84
2663,450,25,32,27.06
2664,320,45,96,95.26
2665,317,12,35,73.52
2666,215,34,92,15.1
2667,492,1,21,11.1
2668,190,21,81,84.6
2669,157,38,16,80.62
2670,489,27,43,67.76
2671,89,43,51,21.22
2672,421,1,87,49.07
2673,490,10,21,61.07
2674,103,47,68,93.35
2675,50,36,0,18.6
2676,253,25,82,52.51
2677,106,27,29,17.46
2678,293,25,38,45.5
2679,235,16,78,21.61
2680,497,2,34,83.95
2681,322,13,68,26.96
2682,332,15,69,42.88
2683,355,48,88,41.96
2684,104,35,10,86.9
2685,254,27,50,76.26
2686,303,27,62,7.64
2687,395,24,85,8.57
2688,19,8,33,56.02
2689,358,10,54,43.92
2690,491,36,77,29.01
2691,71,42,72,79.68
2692,116,44,19,14.61
2693,366,20,79,97.46
2694,129,1,57,4.36
2695,458,33,80,13.59
2696,119,41,16,32.51
2697,212,12,33,51.9
2698,228,4,74,23.18
2699,182,10,98,74.15
2700,133,28,61,37.04
2701,338,46,33,5.78
2702,477,27,99,88.02
2703,493,27,71,94.5
2704,230,4,18,62.62
2705,383,19,96,81.04
2706,363,36,86,13.87
2707,445,38,65,28.34
2708,432,9,71,33.87
2709,483,31,92,96.15
2710,339,28,41,52.2
2711,437,1,50,2.73
2712,245,0,70,39.26
2713,393,19,48,2.76
2714,407,0,28,25.3
2715,251,3,94,46.56
2716,224,14,29,33.69
2717,156,46,98,5.21
2718,118,29,24,13.4
2719,93,5,67,55.99
2720,227,37,61,70.17
2721,364,0,37,41.65
2722,389,6,16,73.69
2723,185,4,73,18.01
2724,494,48,0,13.96
2725,333,6,17,84.27
2726,184,35,62,35.24
2727,386,2,45,44.36
2728,279,11,18,94.86
2729,402,14,49,43.56
2730,229,19,95,2.34
2731,481,40,53,93.92
2732,264,20,30,3.38
2733,157,31,96,66.9
2734,351,11,85,33.64
2735,76,36,64,48.1
2736,81,39,45,55.63
2737,427,46,34,42.03
2738,180,6,48,77.89
2739,341,44,80,93.21
2740,195,30,33,10.47
2741,59,0,28,80.42
2742,150,10,5,14.61
2743,60,44,0,9.87
2744,134,33,54,95.67
2745,427,18,26,49.95
2746,438,10,11,16.96
2747,330,32,3,57.86
2748,38,32,79,27.8
2749,252,7,51,47.5
2750,377,44,10,63.22
2751,442,7,51,87.19
2752,105,33,83,2.3
2753,232,39,25,22.99
2754,353,26,27,11.43
2755,388,28,71,11.52
2756,169,13,65,94.69
2757,216,33,89,93.74
2758,347,44,26,75.43
2759,13,36,96,65.02
2760,410,0,54,85.1
2761,15,8,70,7.72
2762,218,9,53,13.71
2763,385,29,45,33.08
2764,402,42,35,83.58
2765,406,17,20,48.28
2766,168,16,48,51.35
2767,13,5,33,24.47
2768,430,10,86,65.54
2769,242,23,33,89.01
2770,318,35,39,34.29
2771,473,32,6,62.68
2772,7,32,89,34.53
2773,282,17,51,79.69
2774,110,4,48,48.55
2775,39,30,80,35.27
2776,411,15,94,43.16
2777,67,1,88,10.94
2778,122,8,36,86.88
2779,316,1,61,95.89
2780,165,36,14,48.79
2781,202,19,1,23.69
2782,127,16,10,67.14
2783,363,24,95,46.33
2784,151,18,93,26.73
2785,411,41,16,5.77
2786,424,7,87,89.19
2787,145,10,44,80.08
2788,48,12,67,83.24
2789,468,12,60,45.1
2790,409,8,45,75.82
2791,2,4,31,58.96
2792,250,17,18,38.73
2793,76,39,66,84.59
2794,421,13,3,99.88
2795,219,33,24,90.13
2796,397,21,72,78.07
2797,384,47,20,75.26
2798,347,32,86,65.72
2799,378,23,92,85.65
2800,227,28,93,50.32
2801,117,12,88,19.81
2802,497,49,92,77.27
2803,266,26,97,92.11
2804,234,0,13,35.45
2805,167,6,21,78.73
2806,259,3,47,28.82
2807,417,9,50,94.37
2808,192,39,79,68.98
2809,183,34,10,57.79
2810,9,38,58,78.43
2811,336,15,13,81.7
2812,326,26,6,89.45
2813,358,19,68,90.31
2814,447,9,57,7.16
2815,140,44,39,14.04
2816,21,32,92,82.95
2817,311,6,80,94.71
2818,377,41,93,32.15
2819,192,43,24,2.84
2820,91,45,77,33.63
2821,96,21,41,39.52
2822,140,42,85,76.58
2823,256,16,43,6.66
2824,37,8,4,22.84
2825,246,39,27,89.61
2826,255,9,75,17.17
2827,441,35,99,76.41
2828,408,30,59,37.41
2829,297,30,76,66.94
2830,84,4,20,9.24
2831,416,17,95,30.08
2832,440,5,48,43.63
2833,36,41,55,86.01
2834,184,49,56,57.22
2835,97,27,84,6.43
2836,317,42,60,80.58
2837,386,23,37,7.34
2838,29,4,72,93.57
2839,450,27,1,22.75
2840,190,2,2,49.82
2841,337,17,42,9.08
2842,278,3,73,57.05
2843,455,39,34,50.73
2844,200,48,72,42.2
2845,321,41,39,5.49
2846,188,31,95,88.14
2847,257,31,84,80.66
2848,154,18,57,64.04
2849,431,28,33,58.08
2850,486,32,24,70.1
2851,318,1,55,16.11
2852,227,10,31,93.4
2853,4,46,21,29.9
2854,128,32,88,66.34
2855,405,40,64,61.46
2856,73,39,99,64.39
2857,364,0,20,88.14
2858,23,41,79,31.0
2859,314,16,95,75.4
2860,462,49,20,60.64
2861,480,15,27,9.45
2862,433,1,18,42.59
2863,278,48,13,84.12
2864,205,3,86,32.9
2865,145,31,23,49.26
2866,88,6,19,49.89
2867,21,28,31,62.56
2868,299,8,73,88.63
2869,43,34,51,19.01
2870,36,4,64,51.45
2871,6,49,94,43.58
2872,473,20,51,31.0
2873,279,16,57,92.12
2874,460,38,78,2.8
2875,168,13,94,13.97
2876,69,31,91,73.87
2877,212,14,9,27.82
2878,70,20,69,72.87
2879,401,13,14,83.56
2880,206,40,46,26.95
2881,71,15,90,20.81
2882,315,0,9,16.24
2883,179,39,20,21.61
2884,207,17,18,28.18
2885,176,33,67,87.14
2886,194,25,21,77.46
2887,300,35,62,2.18
2888,392,20,37,87.66
2889,371,0,14,9.72
2890,238,26,69,66.22
2891,153,10,74,16.84
2892,153,37,43,8.1
2893,29,13,29,76.46
2894,26,27,23,47.79
2895,463,26,85,60.71
2896,239,21,93,43.68
2897,242,20,45,8.58
2898,131,23,3,74.48
2899,178,18,5,82.39
2900,338,23,37,6.06
2901,97,25,25,38.82
2902,325,24,18,56.62
2903,236,44,1,61.31
2904,334,43,67,58.66
2905,137,28,68,69.91
2906,117,9,46,96.75
2907,105,10,98,40.28
2908,35,23,28,56.55
2909,45,23,63,70.51
2910,103,11,79,60.06
2911,389,6,11,39.9
2912,363,39,84,63.16
2913,359,16,72,65.71
2914,69,34,10,59.33
2915,206,5,7,22.1
2916,220,11,59,51.59
2917,88,14,25,88.67
2918,466,31,31,87.12
2919,461,22,38,75.58
2920,2,6,3,70.33
2921,433,37,97,17.02
2922,297,30,91,47.03
2923,365,28,88,12.87
2924,461,43,43,82.09
2925,437,27,98,30.52
2926,230,11,82,77.15
2927,422,26,34,81.83
2928,468,3,50,89.46
2929,117,20,50,75.88
2930,310,8,28,57.34
2931,394,48,77,60.62
2932,113,33,84,33.42
2933,201,36,35,19.35
2934,462,20,77,14.8
2935,29,22,59,19.84
2936,363,23,14,93.53
2937,246,9,50,18.11
2938,80,37,49,72.93
2939,245,5,93,20.09
2940,183,20,54,97.58
2941,412,36,11,37.93
2942,272,28,49,42.39
2943,32,39,61,41.64
2944,101,20,4,82.01
2945,276,21,26,23.39
2946,110,34,78,83.44
2947,498,45,89,66.39
2948,205,4,8,23.59
2949,265,14,34,8.41
2950,489,40,12,77.95
2951,214,46,43,23.46
2952,102,18,45,89.13
2953,294,15,96,14.72
2954,77,39,97,62.4
2955,174,46,67,69.83
2956,341,42,76,66.45
2957,51,22,73,32.97
2958,296,3,52,87.8
2959,475,20,0,77.44
2960,174,23,10,52.0
2961,456,41,49,61.12
2962,342,25,8,57.5
2963,198,41,37,94.78
2964,87,1,86,89.85
2965,170,39,12,25.08
2966,36,7,4,27.75
2967,122,8,24,98.18
2968,200,1,9,25.18
2969,63,13,4,95.44
2970,485,19,21,65.68
2971,454,1,41,6.91
2972,187,3,88,34.9
2973,214,34,19,48.66
2974,408,13,27,83.64
2975,374,20,20,34.2
2976,493,47,10,32.44
2977,242,14,92,92.19
2978,149,38,68,9.75
2979,426,49,36,56.05
2980,123,19,48,51.42
2981,454,5,68,7.62
2982,197,27,32,10.6
2983,35,47,44,39.43
2984,301,42,99,15.15
2985,277,1,7,48.85
2986,34,27,5,61.67
2987,112,33,14,69.76
2988,174,13,14,55.55
2989,32,8,8,39.21
2990,212,22,60,14.72
2991,202,43,55,26.25
2992,396,34,4,43.1
2993,253,21,25,92.56
2994,55,4,86,21.85
2995,322,40,79,42.51
2996,12,28,56,73.77
2997,49,34,34,71.11
2998,247,49,9,96.63
2999,232,33,90,20.71
3000,440,3,79,3.62
