idNumber,waterRegulationScore,numberOfWaterFacilities,governmentSpendingOnWaterUsd,policyType,waterEducationProgram
1,3.75,37,325687,Strict,No
2,9.51,8,3039701,Moderate,No
3,7.32,7,2342365,Strict,Yes
4,5.99,14,2861856,Loose,No
5,1.56,3,2171088,Loose,No
6,1.56,50,2213048,Moderate,Yes
7,0.58,16,129813,Loose,Yes
8,8.66,19,3311407,Strict,Yes
9,6.01,18,4960345,Strict,No
10,7.08,16,4035388,Strict,No
11,0.21,8,373541,Strict,Yes
12,9.7,33,3849199,Moderate,No
13,8.32,49,1715181,Loose,Yes
14,2.12,12,3424714,Loose,Yes
15,1.82,11,4134649,Strict,Yes
16,1.83,5,3238893,Moderate,No
17,3.04,27,3946342,Strict,No
18,5.25,12,1450816,Strict,Yes
19,4.32,17,2513081,Moderate,Yes
20,2.91,6,870348,Moderate,No
21,6.12,33,2921058,Strict,Yes
22,1.39,5,2137171,Loose,No
23,2.92,28,558819,Strict,Yes
24,3.66,14,1308060,Loose,Yes
25,4.56,5,544874,Loose,No
26,7.85,33,4028683,Moderate,No
27,2.0,50,2208701,Moderate,No
28,5.14,48,3710160,Strict,No
29,5.92,41,2154048,Loose,No
30,0.46,19,1163692,Loose,Yes
31,6.08,22,4838637,Strict,Yes
32,1.71,5,1043831,Strict,No
33,0.65,2,4330013,Strict,No
34,9.49,30,3174795,Moderate,Yes
35,9.66,47,1830841,Strict,Yes
36,8.08,39,3973691,Strict,No
37,3.05,4,4523471,Loose,No
38,0.98,33,4151939,Strict,Yes
39,6.84,13,4599367,Loose,No
40,4.4,20,969953,Loose,Yes
41,1.22,7,2683273,Moderate,Yes
42,4.95,15,3198056,Strict,No
43,0.34,23,2416374,Strict,Yes
44,9.09,14,813806,Loose,Yes
45,2.59,23,4293616,Moderate,Yes
46,6.63,19,3539187,Moderate,No
47,3.12,29,2857506,Strict,Yes
48,5.2,20,850774,Loose,No
49,5.47,29,3457963,Strict,Yes
50,1.85,24,1024993,Strict,Yes
51,9.7,18,453791,Strict,Yes
52,7.75,10,3540227,Strict,Yes
53,9.39,41,1484525,Loose,Yes
54,8.95,8,3617778,Moderate,No
55,5.98,26,216220,Strict,No
56,9.22,29,321421,Strict,Yes
57,0.88,10,449317,Strict,No
58,1.96,17,4021087,Strict,No
59,0.45,2,3027971,Moderate,Yes
60,3.25,6,1132469,Moderate,No
61,3.89,5,3248817,Moderate,No
62,2.71,28,1431379,Moderate,No
63,8.29,41,3758997,Strict,No
64,3.57,5,4641490,Loose,Yes
65,2.81,18,1517191,Moderate,No
66,5.43,26,3447526,Moderate,Yes
67,1.41,20,3577983,Strict,Yes
68,8.02,41,4531407,Strict,No
69,0.75,49,789925,Strict,Yes
70,9.87,27,2286394,Strict,No
71,7.72,49,1147146,Loose,Yes
72,1.99,12,1302532,Loose,No
73,0.06,7,2781478,Moderate,No
74,8.15,3,3093220,Loose,Yes
75,7.07,10,860330,Moderate,No
76,7.29,34,3032878,Moderate,No
77,7.71,25,2930527,Loose,No
78,0.74,35,922564,Moderate,No
79,3.58,16,2495406,Strict,Yes
80,1.16,2,3571888,Moderate,Yes
81,8.63,24,2243385,Strict,Yes
82,6.23,10,2168884,Loose,No
83,3.31,38,2648600,Loose,Yes
84,0.64,22,2303463,Moderate,No
85,3.11,26,3804425,Strict,No
86,3.25,43,4016247,Moderate,No
87,7.3,39,2085404,Loose,Yes
88,6.38,27,2226861,Moderate,Yes
89,8.87,29,3879337,Moderate,Yes
90,4.72,47,2151723,Strict,Yes
91,1.2,38,1148939,Loose,No
92,7.13,20,4042518,Moderate,Yes
93,7.61,27,4789133,Strict,Yes
94,5.61,41,4278465,Moderate,Yes
95,7.71,20,496456,Strict,Yes
96,4.94,44,998704,Strict,No
97,5.23,19,3861090,Moderate,Yes
98,4.28,20,275037,Loose,Yes
99,0.25,35,4502910,Loose,Yes
100,1.08,47,2976262,Strict,No
101,0.31,2,4282531,Loose,Yes
102,6.36,30,3371593,Strict,Yes
103,3.14,34,1129516,Loose,Yes
104,5.09,22,1796609,Moderate,No
105,9.08,3,3669769,Loose,No
106,2.49,6,3709684,Strict,Yes
107,4.1,15,128885,Strict,Yes
108,7.56,27,4690723,Loose,No
109,2.29,10,2912753,Moderate,No
110,0.77,9,4689764,Strict,No
111,2.9,33,4654770,Strict,No
112,1.61,32,3229985,Strict,No
113,9.3,48,1479339,Strict,Yes
114,8.08,6,2218736,Strict,Yes
115,6.33,41,1943529,Moderate,Yes
116,8.71,36,919973,Loose,Yes
117,8.04,2,2750503,Moderate,No
118,1.87,29,1218844,Moderate,No
119,8.93,4,2977746,Strict,No
120,5.39,1,3896234,Moderate,No
121,8.07,19,1528926,Strict,No
122,8.96,26,3994142,Moderate,Yes
123,3.18,25,3416363,Strict,Yes
124,1.1,10,1557913,Strict,Yes
125,2.28,15,2067754,Moderate,Yes
126,4.27,22,1346729,Moderate,Yes
127,8.18,48,2881652,Loose,No
128,8.61,21,2191219,Loose,No
129,0.07,22,1088167,Loose,No
130,5.11,36,4317635,Moderate,No
131,4.17,34,4317308,Moderate,No
132,2.22,30,3484169,Strict,Yes
133,1.2,25,3102827,Loose,Yes
134,3.38,45,3649436,Strict,Yes
135,9.43,28,548013,Strict,No
136,3.23,1,2386319,Strict,No
137,5.19,49,1031253,Strict,No
138,7.03,45,1944053,Loose,No
139,3.64,4,642955,Strict,Yes
140,9.72,7,3650227,Moderate,No
141,9.62,49,3407735,Moderate,Yes
142,2.52,9,4891126,Moderate,No
143,4.97,36,1898278,Loose,Yes
144,3.01,19,3408424,Strict,No
145,2.85,1,473145,Loose,No
146,0.37,10,3554373,Strict,Yes
147,6.1,36,2153413,Loose,Yes
148,5.03,9,785611,Loose,No
149,0.51,45,1757387,Strict,Yes
150,2.79,46,2891241,Loose,No
151,9.08,42,2737174,Strict,No
152,2.4,32,1320985,Moderate,Yes
153,1.45,32,3679269,Moderate,No
154,4.89,6,445744,Moderate,No
155,9.86,48,2128594,Loose,Yes
156,2.42,38,1943441,Moderate,No
157,6.72,17,2704325,Strict,No
158,7.62,10,2861623,Moderate,No
159,2.38,50,1776850,Moderate,No
160,7.28,27,3883799,Loose,Yes
161,3.68,50,1956759,Strict,Yes
162,6.32,35,3986932,Loose,Yes
163,6.34,21,532184,Loose,No
164,5.36,25,1309725,Strict,Yes
165,0.9,28,2436806,Loose,Yes
166,8.35,47,4722295,Strict,Yes
167,3.21,15,3434944,Moderate,No
168,1.87,4,3008087,Strict,Yes
169,0.41,29,758139,Strict,Yes
170,5.91,9,3070424,Strict,No
171,6.78,27,4205513,Loose,No
172,0.17,26,4417293,Strict,No
173,5.12,19,4570697,Strict,No
174,2.26,28,3161481,Strict,No
175,6.45,17,2831801,Moderate,No
176,1.74,43,399850,Strict,Yes
177,6.91,41,4051382,Loose,Yes
178,3.87,42,141139,Strict,No
179,9.37,50,4933511,Strict,No
180,1.38,20,871965,Moderate,Yes
181,3.41,45,403446,Strict,No
182,1.13,40,3471484,Loose,No
183,9.25,39,1498558,Strict,Yes
184,8.77,49,1085663,Loose,No
185,2.58,23,2861158,Moderate,No
186,6.6,47,1817479,Strict,Yes
187,8.17,32,1898432,Moderate,Yes
188,5.55,47,1145716,Strict,Yes
189,5.3,33,3923873,Loose,Yes
190,2.42,46,3061937,Moderate,Yes
191,0.93,5,4194638,Strict,No
192,8.97,43,3035012,Loose,No
193,9.0,48,3793793,Moderate,No
194,6.33,34,2220700,Strict,No
195,3.39,40,2653589,Moderate,No
196,3.49,11,1798413,Strict,Yes
197,7.26,50,2631069,Loose,No
198,8.97,3,4738807,Loose,No
199,8.87,33,237799,Moderate,No
200,7.8,11,281789,Moderate,No
201,6.42,16,3917780,Strict,No
202,0.84,18,4270163,Loose,Yes
203,1.62,30,4728656,Strict,No
204,8.99,48,902009,Loose,No
205,6.06,10,4406080,Moderate,No
206,0.09,18,312803,Strict,No
207,1.01,38,2355913,Strict,No
208,6.64,19,2554244,Loose,No
209,0.05,36,4315645,Loose,Yes
210,1.61,13,1354329,Loose,No
211,5.49,46,2970581,Moderate,Yes
212,6.92,3,3594679,Strict,Yes
213,6.52,10,178840,Loose,No
214,2.24,38,261297,Moderate,No
215,7.12,1,3069656,Loose,No
216,2.37,27,2031375,Strict,Yes
217,3.25,46,4343460,Loose,No
218,7.46,8,2405433,Strict,No
219,6.5,46,4320242,Moderate,No
220,8.49,42,2187001,Moderate,Yes
221,6.58,17,2781722,Loose,Yes
222,5.68,9,3555673,Strict,No
223,0.94,6,4696985,Strict,Yes
224,3.68,43,1831530,Strict,No
225,2.65,25,3512635,Loose,Yes
226,2.44,39,241900,Strict,No
227,9.73,49,3473694,Strict,Yes
228,3.93,28,4077497,Strict,No
229,8.92,33,768875,Strict,No
230,6.31,37,4890287,Loose,Yes
231,7.95,9,353078,Loose,Yes
232,5.03,18,468893,Strict,Yes
233,5.77,21,3201883,Strict,Yes
234,4.93,2,815295,Moderate,Yes
235,1.95,43,1978798,Moderate,No
236,7.22,38,4100740,Strict,No
237,2.81,40,1092652,Strict,Yes
238,0.24,36,1154212,Moderate,No
239,6.45,50,2458730,Moderate,No
240,1.77,43,3585001,Strict,Yes
241,9.4,37,2180563,Loose,No
242,9.54,15,2068972,Loose,No
243,9.15,28,383816,Strict,Yes
244,3.7,18,1940820,Strict,Yes
245,0.15,34,4815697,Moderate,No
246,9.28,22,2776073,Moderate,Yes
247,4.28,11,2777374,Loose,No
248,9.67,13,2824903,Strict,Yes
249,9.64,4,225851,Moderate,Yes
250,8.53,22,2750527,Loose,Yes
251,2.94,7,4961282,Loose,Yes
252,3.85,43,894878,Loose,No
253,8.51,24,2153262,Moderate,Yes
254,3.17,4,2037135,Moderate,Yes
255,1.69,28,2508163,Strict,No
256,5.57,15,2641396,Strict,No
257,9.36,1,326179,Loose,No
258,6.96,3,2172171,Loose,No
259,5.7,14,3748444,Moderate,Yes
260,0.97,38,4644340,Moderate,No
261,6.15,50,2579340,Strict,Yes
262,9.9,1,1300346,Strict,No
263,1.4,38,585287,Strict,Yes
264,5.18,38,4083820,Moderate,No
265,8.77,21,4067610,Loose,Yes
266,7.41,48,1860399,Strict,Yes
267,6.97,29,395901,Strict,No
268,7.02,5,3184903,Moderate,Yes
269,3.59,49,4235247,Strict,Yes
270,2.94,10,4243403,Loose,Yes
271,8.09,28,2303531,Moderate,Yes
272,8.1,21,1169412,Strict,No
273,8.67,50,4515743,Strict,Yes
274,9.13,7,2132623,Moderate,Yes
275,5.11,3,1335296,Moderate,No
276,5.02,45,3403131,Strict,No
277,7.98,47,3053028,Loose,No
278,6.5,20,4911701,Moderate,Yes
279,7.02,19,497595,Loose,Yes
280,7.96,35,3893092,Strict,No
281,8.9,4,1831041,Loose,Yes
282,3.38,5,3690511,Strict,No
283,3.76,1,2517209,Strict,Yes
284,0.94,4,626925,Strict,No
285,5.78,12,3025609,Strict,Yes
286,0.36,27,4008005,Loose,No
287,4.66,42,856547,Strict,Yes
288,5.43,23,706752,Strict,No
289,2.87,25,1439462,Loose,Yes
290,5.91,21,2310920,Moderate,Yes
291,0.31,24,4923416,Loose,Yes
292,0.37,25,1237317,Loose,No
293,8.23,45,3057532,Loose,Yes
294,3.6,46,2266354,Strict,Yes
295,1.27,32,399189,Strict,Yes
296,5.22,32,1659049,Strict,No
297,7.7,5,2354851,Moderate,Yes
298,2.16,36,2474494,Strict,No
299,6.23,46,955953,Moderate,Yes
300,0.85,42,604655,Strict,No
301,0.52,49,3876487,Loose,No
302,5.31,42,4061635,Strict,Yes
303,5.41,39,336824,Moderate,No
304,6.37,16,3757942,Moderate,No
305,7.26,33,1167979,Strict,Yes
306,9.76,49,3249409,Loose,No
307,5.16,21,4648003,Strict,No
308,3.23,9,4125282,Strict,No
309,7.95,6,1788124,Strict,No
310,2.71,45,3943380,Loose,Yes
311,4.39,35,4266289,Moderate,No
312,0.78,39,2826826,Loose,No
313,0.25,22,1906242,Moderate,Yes
314,9.63,41,193246,Moderate,Yes
315,8.36,5,308886,Moderate,No
316,6.96,42,2467713,Loose,Yes
317,4.09,23,1529608,Strict,Yes
318,1.73,17,4163068,Strict,Yes
319,1.56,12,3490888,Strict,Yes
320,2.5,23,2384798,Strict,Yes
321,5.49,16,1632337,Strict,Yes
322,7.15,3,883566,Loose,Yes
323,6.6,30,3011259,Loose,Yes
324,2.8,22,2167791,Loose,Yes
325,9.55,9,4829924,Loose,No
326,7.38,29,879105,Loose,No
327,5.54,47,1016992,Loose,No
328,6.12,37,320326,Loose,No
329,4.2,23,4613552,Strict,No
330,2.48,13,3622810,Moderate,Yes
331,3.56,32,3326458,Loose,Yes
332,7.58,46,1546743,Moderate,No
333,0.14,47,4584781,Loose,No
334,1.16,48,1000853,Loose,Yes
335,0.46,23,4547321,Strict,No
336,0.41,45,751824,Moderate,Yes
337,8.55,17,4627549,Strict,No
338,7.04,40,3006405,Strict,Yes
339,4.74,21,3271222,Moderate,No
340,0.98,2,4669146,Strict,Yes
341,4.92,37,2570856,Loose,No
342,4.73,6,3239782,Loose,No
343,1.73,44,2477942,Loose,Yes
344,4.34,18,1750224,Loose,Yes
345,3.99,30,1448055,Loose,No
346,6.16,22,955783,Strict,No
347,6.35,33,2330653,Strict,Yes
348,0.45,30,684942,Loose,Yes
349,3.75,17,4663870,Loose,Yes
350,6.26,43,1520654,Strict,No
351,5.03,32,2317127,Moderate,No
352,8.56,42,823503,Strict,Yes
353,6.59,14,3599058,Strict,No
354,1.63,10,3612106,Strict,No
355,0.71,47,448848,Strict,Yes
356,6.42,36,2097179,Strict,No
357,0.27,34,1581177,Moderate,Yes
358,5.86,9,266991,Loose,Yes
359,9.4,42,4391256,Loose,No
360,5.75,28,4092942,Moderate,No
361,3.88,11,2530412,Loose,Yes
362,6.43,14,4760110,Loose,Yes
363,4.58,39,976058,Loose,Yes
364,5.46,47,2243167,Moderate,No
365,9.41,19,202877,Moderate,Yes
366,3.86,15,3768893,Loose,Yes
367,9.61,28,4688226,Loose,Yes
368,9.05,24,1645329,Loose,Yes
369,1.96,8,3172753,Strict,No
370,0.69,43,491670,Strict,No
371,1.01,9,4726043,Strict,Yes
372,0.18,47,1794512,Moderate,No
373,0.94,33,3918806,Loose,No
374,6.83,33,4906100,Moderate,No
375,0.71,19,1450339,Moderate,Yes
376,3.19,3,3519998,Moderate,No
377,8.45,10,4252363,Loose,No
378,0.23,40,3834942,Strict,Yes
379,8.14,47,140633,Loose,Yes
380,2.82,42,1357302,Loose,No
381,1.18,1,1151893,Moderate,No
382,6.97,29,4601428,Moderate,Yes
383,6.29,50,1978166,Moderate,Yes
384,8.77,34,3686575,Strict,Yes
385,7.35,13,3950404,Strict,Yes
386,8.03,1,3523376,Strict,No
387,2.82,34,2921105,Loose,Yes
388,1.77,29,1972204,Moderate,No
389,7.51,48,2000946,Loose,No
390,8.07,47,1026109,Strict,No
391,9.91,13,808669,Moderate,Yes
392,4.13,48,4327939,Strict,Yes
393,3.72,49,2407539,Moderate,No
394,7.76,29,3326419,Moderate,No
395,3.41,39,2696882,Loose,No
396,9.31,24,4065292,Loose,No
397,8.58,26,1106891,Strict,No
398,4.29,17,4047526,Loose,Yes
399,7.51,7,827467,Loose,Yes
400,7.55,13,4750100,Loose,Yes
401,1.03,5,3098851,Moderate,No
402,9.03,26,3761306,Loose,No
403,5.05,49,2123969,Strict,Yes
404,8.26,3,1097057,Moderate,Yes
405,3.2,7,3774153,Moderate,No
406,8.96,49,4848584,Loose,Yes
407,3.89,39,2312292,Moderate,Yes
408,0.11,1,4470297,Strict,Yes
409,9.05,49,3718313,Strict,No
410,0.91,17,3050501,Moderate,No
411,3.19,43,1484410,Loose,Yes
412,9.5,25,2407199,Loose,No
413,9.51,3,386100,Moderate,Yes
414,5.73,15,4358183,Strict,Yes
415,6.32,29,2148880,Moderate,No
416,4.48,43,2569606,Loose,No
417,2.93,32,3139316,Loose,No
418,3.29,26,1145533,Moderate,Yes
419,6.73,16,1385844,Strict,Yes
420,7.52,25,4773584,Moderate,Yes
421,7.92,28,1656232,Strict,No
422,7.9,9,887600,Strict,Yes
423,0.91,1,4601572,Moderate,Yes
424,4.94,29,4067454,Moderate,Yes
425,0.58,22,1585619,Strict,Yes
426,5.5,16,1938524,Strict,No
427,4.42,41,1299399,Strict,No
428,8.88,44,2751813,Strict,No
429,3.51,41,222026,Loose,Yes
430,1.17,7,1381507,Moderate,Yes
431,1.43,14,3310912,Strict,Yes
432,7.62,29,2704684,Moderate,No
433,6.18,19,835053,Strict,No
434,1.01,19,662167,Moderate,No
435,0.84,2,3219712,Moderate,No
436,7.01,41,411741,Strict,No
437,0.73,45,4297930,Strict,Yes
438,8.22,15,1758800,Moderate,No
439,7.06,3,1643971,Moderate,No
440,0.81,11,1907737,Moderate,No
441,0.85,46,3851531,Loose,Yes
442,9.87,30,2405289,Strict,No
443,3.74,40,3131301,Loose,No
444,3.71,18,2944472,Loose,No
445,8.13,48,244454,Strict,Yes
446,9.47,2,4730746,Strict,Yes
447,9.86,32,354043,Loose,No
448,7.53,8,4937502,Strict,No
449,3.76,22,2660079,Moderate,No
450,0.84,6,4914647,Moderate,No
451,7.77,12,1945733,Loose,Yes
452,5.58,47,4404388,Loose,No
453,4.24,40,1114391,Strict,Yes
454,9.06,36,573006,Strict,No
455,1.11,15,4274904,Loose,Yes
456,4.93,28,2984991,Loose,Yes
457,0.11,49,173568,Moderate,No
458,4.69,45,3304288,Moderate,Yes
459,0.56,18,1297442,Strict,No
460,1.19,2,1299529,Moderate,Yes
461,1.18,13,1890228,Strict,Yes
462,6.49,45,2423176,Strict,No
463,7.46,15,1329351,Strict,No
464,5.83,20,1061858,Moderate,Yes
465,9.62,29,571678,Loose,Yes
466,3.75,42,1529740,Loose,No
467,2.86,29,3082885,Moderate,No
468,8.69,3,4308694,Loose,No
469,2.24,19,597619,Strict,Yes
470,9.63,3,318547,Loose,No
471,0.12,14,651595,Moderate,No
472,9.7,40,4521740,Loose,Yes
473,0.43,4,2422273,Strict,No
474,8.91,11,2184820,Strict,No
475,5.28,31,1522533,Moderate,No
476,9.93,43,3939346,Moderate,No
477,0.74,32,3958804,Moderate,Yes
478,5.54,27,2425452,Strict,No
479,9.69,30,1493488,Loose,No
480,5.23,43,1028252,Loose,No
481,6.29,2,687073,Moderate,No
482,6.96,49,700338,Loose,No
483,4.55,9,4841330,Loose,No
484,6.28,28,174231,Moderate,Yes
485,5.84,31,3626185,Moderate,Yes
486,9.01,34,4245466,Strict,Yes
487,0.45,15,1950131,Strict,No
488,2.81,48,4788200,Strict,No
489,9.5,25,2353840,Strict,No
490,8.9,36,2693050,Loose,Yes
491,4.56,8,4122529,Loose,No
492,6.2,9,3213534,Strict,Yes
493,2.77,37,3700957,Strict,No
494,1.88,48,2898610,Moderate,No
495,4.64,45,3271856,Loose,Yes
496,3.53,39,1180132,Loose,Yes
497,5.84,32,1825812,Strict,Yes
498,0.78,17,3385749,Loose,Yes
499,9.74,35,4870554,Moderate,Yes
500,9.86,37,1762918,Moderate,Yes
501,6.98,19,617200,Loose,No
502,5.36,44,4477987,Strict,Yes
503,3.1,29,3939973,Loose,No
504,8.14,7,1463864,Moderate,No
505,6.85,28,4826429,Strict,No
506,1.63,9,1329003,Loose,No
507,9.11,28,2060220,Strict,No
508,8.23,6,3100264,Strict,Yes
509,9.5,29,872291,Moderate,Yes
510,7.26,17,3614674,Strict,Yes
511,6.13,16,1133879,Loose,No
512,4.18,23,2248164,Strict,Yes
513,9.33,31,3173961,Strict,No
514,8.66,3,318168,Loose,No
515,0.45,21,248178,Moderate,No
516,0.26,26,158123,Moderate,No
517,3.76,36,2308977,Loose,Yes
518,8.11,42,1317309,Loose,Yes
519,9.87,37,2967543,Moderate,Yes
520,1.5,22,3470698,Strict,Yes
521,5.94,42,2422018,Loose,Yes
522,3.81,12,815003,Strict,No
523,9.7,42,2375598,Loose,Yes
524,8.42,13,4992571,Moderate,No
525,8.38,11,4591260,Strict,No
526,4.69,16,936002,Strict,No
527,4.15,8,1461621,Loose,Yes
528,2.73,40,1270642,Strict,No
529,0.56,40,490508,Loose,No
530,8.65,45,1869107,Moderate,Yes
531,8.13,2,136160,Strict,No
532,10.0,30,119156,Loose,No
533,9.97,30,2670348,Strict,No
534,5.55,12,2662688,Loose,Yes
535,7.69,10,4754126,Loose,No
536,9.45,44,4251674,Loose,No
537,8.5,11,1914630,Moderate,Yes
538,2.47,15,981809,Strict,Yes
539,4.51,16,4599311,Moderate,No
540,1.29,17,837197,Loose,Yes
541,9.54,26,3908282,Loose,Yes
542,6.06,2,745649,Moderate,Yes
543,2.29,50,312986,Moderate,Yes
544,6.72,12,3443014,Strict,Yes
545,6.18,26,3738236,Loose,Yes
546,3.58,23,129777,Moderate,Yes
547,1.14,18,3502155,Loose,No
548,6.72,32,3927271,Loose,Yes
549,5.2,49,4714965,Strict,Yes
550,7.72,38,298110,Strict,Yes
551,5.2,47,4179430,Strict,No
552,8.52,3,514627,Moderate,Yes
553,5.52,38,2903089,Loose,Yes
554,5.61,3,2475163,Moderate,No
555,8.77,30,3832517,Moderate,Yes
556,4.03,1,3391066,Strict,No
557,1.34,30,4984872,Loose,No
558,0.29,45,4853954,Loose,Yes
559,7.55,32,1317933,Strict,No
560,6.2,28,1799547,Loose,Yes
561,7.04,21,2977597,Strict,Yes
562,2.13,46,4500131,Moderate,No
563,1.36,13,3209823,Moderate,No
564,0.15,27,442424,Strict,Yes
565,3.51,36,1561659,Moderate,Yes
566,5.9,7,3040107,Moderate,No
567,3.92,22,2150241,Strict,Yes
568,4.37,10,3121034,Moderate,Yes
569,9.04,39,1256245,Loose,Yes
570,3.48,15,258998,Moderate,No
571,5.14,15,1776079,Strict,Yes
572,7.84,4,722995,Loose,Yes
573,3.97,32,3862853,Loose,Yes
574,6.22,23,4150230,Moderate,No
575,8.62,6,2103011,Loose,No
576,9.5,24,1376120,Strict,No
577,1.47,20,4561918,Loose,Yes
578,9.27,37,3473195,Moderate,No
579,4.92,20,1908516,Moderate,Yes
580,2.58,12,1056011,Loose,No
581,4.59,33,3757905,Strict,Yes
582,9.8,28,4125129,Strict,No
583,4.93,8,3861509,Moderate,Yes
584,3.29,1,892955,Moderate,Yes
585,6.33,37,1366571,Strict,No
586,2.4,22,1861126,Loose,Yes
587,0.76,6,4210993,Loose,No
588,1.29,21,393313,Loose,No
589,1.28,32,4448366,Loose,Yes
590,1.52,35,1702525,Strict,Yes
591,1.39,15,1817355,Moderate,No
592,6.41,5,4046617,Moderate,No
593,1.82,46,3583974,Loose,No
594,3.46,50,3342792,Strict,Yes
595,8.97,48,1547922,Strict,No
596,4.74,6,233114,Loose,Yes
597,6.68,25,3053718,Loose,Yes
598,1.72,46,4785942,Loose,No
599,1.92,40,1987717,Moderate,No
600,0.41,29,784076,Loose,Yes
601,1.69,7,4068178,Moderate,Yes
602,2.79,40,239133,Strict,Yes
603,1.77,13,3909697,Strict,Yes
604,0.89,38,4639469,Moderate,No
605,1.21,18,1562597,Moderate,Yes
606,4.61,2,370001,Moderate,No
607,2.06,8,4717631,Moderate,No
608,3.64,11,3497570,Loose,No
609,5.03,33,1499298,Strict,Yes
610,6.9,38,4247413,Loose,Yes
611,0.39,48,882409,Moderate,No
612,7.99,27,1817826,Loose,No
613,6.28,20,2541724,Loose,No
614,0.82,12,4944636,Strict,No
615,8.74,43,813391,Loose,Yes
616,9.21,31,4799654,Strict,No
617,0.61,27,437164,Moderate,Yes
618,2.77,32,3274209,Loose,Yes
619,8.06,10,2863779,Moderate,Yes
620,7.48,3,2958214,Strict,Yes
621,1.85,45,2334967,Moderate,No
622,2.09,27,2120880,Moderate,Yes
623,3.7,35,2901285,Strict,No
624,4.85,31,2516338,Moderate,Yes
625,6.18,15,4343780,Moderate,No
626,3.69,16,3993193,Moderate,No
627,4.63,13,2917754,Loose,No
628,7.47,49,2881460,Moderate,No
629,0.37,35,1355959,Strict,No
630,2.52,11,4363397,Loose,Yes
631,7.13,21,2213687,Loose,No
632,8.95,11,1719426,Strict,Yes
633,5.12,30,4550627,Moderate,No
634,5.32,48,2456068,Loose,Yes
635,1.07,35,2238421,Loose,Yes
636,4.47,22,1020631,Loose,Yes
637,5.33,38,385291,Moderate,No
638,2.42,31,2635896,Loose,Yes
639,2.69,14,1749959,Strict,No
640,3.77,24,3970019,Moderate,No
641,0.2,50,2288077,Strict,Yes
642,3.22,49,4884973,Strict,Yes
643,2.11,32,3869484,Loose,No
644,3.27,36,1390906,Loose,No
645,1.2,32,1535367,Loose,No
646,8.91,15,1640450,Strict,No
647,5.94,43,3821040,Moderate,No
648,6.79,35,1789576,Loose,No
649,7.89,3,3346849,Loose,Yes
650,4.98,16,365976,Strict,No
651,0.87,5,1705196,Moderate,No
652,5.37,21,4306771,Strict,Yes
653,5.87,10,1145851,Loose,Yes
654,7.45,19,177994,Strict,Yes
655,4.32,25,4388506,Loose,No
656,1.28,4,2764921,Moderate,Yes
657,2.84,29,3641525,Strict,Yes
658,3.63,19,1534730,Loose,No
659,6.46,43,4739158,Loose,No
660,5.71,2,3893730,Loose,No
661,3.56,10,4171650,Loose,No
662,9.87,43,4454489,Strict,Yes
663,6.06,25,2058615,Loose,No
664,2.37,20,1078534,Strict,Yes
665,1.02,48,4568262,Loose,No
666,1.53,19,2469320,Strict,Yes
667,2.46,23,3964376,Strict,No
668,1.61,24,995668,Loose,No
669,1.87,11,2779276,Loose,No
670,2.85,46,1418155,Loose,Yes
671,1.73,34,1084588,Loose,Yes
672,8.97,28,4549399,Moderate,Yes
673,0.8,5,4102761,Loose,No
674,5.25,5,581632,Loose,Yes
675,4.1,21,1409752,Loose,No
676,9.82,12,4131103,Strict,No
677,1.12,50,629954,Loose,No
678,3.98,4,4150807,Strict,Yes
679,9.69,49,3113337,Strict,No
680,8.66,42,1511910,Strict,Yes
681,8.17,20,1511188,Strict,No
682,2.58,38,4161367,Moderate,No
683,1.71,25,126505,Loose,No
684,6.69,14,3806729,Strict,Yes
685,9.29,11,1750375,Loose,Yes
686,5.57,32,1975530,Strict,No
687,5.72,11,312204,Moderate,Yes
688,2.8,18,628168,Strict,Yes
689,7.69,27,1073215,Loose,No
690,1.87,18,667827,Loose,No
691,3.24,23,2437208,Moderate,Yes
692,4.25,11,1367633,Loose,No
693,5.08,21,3784815,Loose,No
694,2.42,44,4802104,Strict,Yes
695,1.15,5,2126182,Loose,Yes
696,6.11,23,4738246,Strict,No
697,2.89,41,148784,Moderate,Yes
698,5.81,25,2310186,Loose,Yes
699,1.54,41,2631196,Strict,No
700,4.81,10,3300090,Loose,No
701,5.33,22,153997,Strict,No
702,0.52,19,2190053,Moderate,No
703,3.37,1,4475717,Strict,Yes
704,1.34,7,900981,Loose,Yes
705,0.63,4,3040504,Strict,No
706,9.9,1,1562108,Loose,No
707,3.22,15,4843216,Moderate,No
708,8.1,40,670993,Strict,No
709,2.55,12,1350469,Loose,Yes
710,6.82,22,4177348,Loose,Yes
711,7.6,22,4994450,Loose,No
712,5.96,50,2273577,Strict,No
713,4.72,47,2693449,Strict,Yes
714,4.12,17,1688858,Strict,Yes
715,3.49,29,1118543,Moderate,Yes
716,9.3,46,4406219,Loose,Yes
717,8.31,14,485105,Loose,No
718,9.65,50,3525077,Moderate,Yes
719,1.24,20,4613125,Moderate,Yes
720,7.31,50,4327234,Strict,Yes
721,9.38,48,1221889,Strict,No
722,1.81,33,849211,Strict,No
723,0.66,43,3358881,Strict,Yes
724,7.41,15,3731453,Strict,Yes
725,5.74,12,4050476,Strict,No
726,8.42,40,2093384,Moderate,No
727,1.4,20,2285028,Moderate,Yes
728,7.95,30,4903958,Moderate,No
729,2.02,38,637691,Loose,Yes
730,1.64,3,3587924,Loose,No
731,1.64,28,872838,Strict,Yes
732,8.15,26,361420,Moderate,Yes
733,6.65,30,577843,Loose,No
734,5.23,13,4629943,Loose,Yes
735,3.59,13,2360156,Moderate,No
736,8.77,2,4652538,Loose,No
737,3.92,37,4690905,Loose,No
738,8.17,49,1925260,Moderate,Yes
739,4.39,38,2165306,Loose,Yes
740,3.77,2,4875833,Moderate,Yes
741,4.63,36,3947593,Loose,No
742,3.01,26,4287694,Moderate,Yes
743,7.48,11,1312980,Loose,Yes
744,5.03,8,3199834,Loose,Yes
745,2.32,44,1355973,Moderate,Yes
746,9.0,40,3664507,Loose,No
747,3.84,43,4399489,Moderate,Yes
748,5.44,22,3282132,Moderate,No
749,9.06,20,4349486,Loose,No
750,6.24,8,3540863,Strict,No
751,1.17,29,4997327,Loose,No
752,9.4,40,3138783,Strict,Yes
753,6.28,26,3471189,Strict,Yes
754,3.35,30,1972508,Loose,Yes
755,1.39,17,3017369,Strict,No
756,7.94,20,4902738,Moderate,Yes
757,6.2,16,4866589,Moderate,No
758,5.33,46,244375,Strict,Yes
759,8.94,43,4329491,Moderate,Yes
760,7.89,7,757253,Loose,Yes
761,1.52,16,3283818,Moderate,No
762,3.12,45,3179578,Strict,Yes
763,2.48,47,1618560,Loose,No
764,7.44,48,1994420,Moderate,No
765,0.34,27,641797,Loose,No
766,5.7,23,4362957,Strict,Yes
767,7.62,24,792289,Moderate,Yes
768,8.77,9,3637498,Loose,No
769,3.42,35,1896218,Loose,No
770,8.21,20,3784032,Moderate,No
771,1.11,37,2484318,Loose,No
772,8.46,42,652226,Loose,No
773,1.27,17,360710,Strict,Yes
774,3.97,47,1380896,Strict,Yes
775,7.97,31,2140403,Strict,Yes
776,1.5,8,3903074,Strict,No
777,2.29,15,4246226,Strict,No
778,7.22,31,1038193,Strict,Yes
779,7.2,30,1505419,Moderate,Yes
780,6.41,46,3962012,Strict,No
781,6.94,20,1643103,Loose,No
782,5.43,39,3607145,Moderate,No
783,2.52,12,1878244,Loose,Yes
784,3.46,49,4002216,Strict,No
785,1.82,17,4882337,Strict,No
786,9.08,42,3241537,Loose,No
787,5.83,30,1280859,Loose,Yes
788,4.01,29,4687749,Loose,No
789,4.62,19,3626844,Moderate,Yes
790,9.47,46,2080425,Strict,No
791,1.53,11,4850411,Loose,No
792,5.86,34,1561742,Strict,Yes
793,5.06,50,3041616,Loose,No
794,6.11,7,2574370,Strict,Yes
795,0.18,44,2178937,Moderate,No
796,8.72,34,3841372,Strict,Yes
797,9.32,20,627340,Loose,No
798,5.65,50,1455097,Strict,Yes
799,6.97,38,2155397,Moderate,Yes
800,9.22,24,1347486,Moderate,No
801,7.07,10,2527115,Strict,Yes
802,1.53,32,2048697,Loose,No
803,5.76,15,1179037,Moderate,Yes
804,6.07,37,4052910,Moderate,No
805,4.24,20,4251951,Strict,No
806,7.36,3,3255200,Moderate,No
807,9.34,37,955695,Moderate,No
808,9.26,40,212036,Loose,Yes
809,4.51,8,4482978,Loose,No
810,1.13,40,2484819,Loose,No
811,9.85,44,3931854,Strict,No
812,8.39,23,989694,Moderate,No
813,1.25,40,690348,Strict,No
814,9.21,11,2860911,Moderate,Yes
815,8.7,46,1471446,Moderate,No
816,5.19,8,3524404,Moderate,Yes
817,5.91,29,1009121,Loose,Yes
818,3.99,30,3721301,Strict,No
819,0.55,10,2240314,Strict,No
820,3.35,39,4166981,Moderate,Yes
821,8.03,28,4567801,Strict,Yes
822,0.05,49,2309465,Loose,Yes
823,3.33,36,2225629,Strict,No
824,3.98,13,2283525,Moderate,Yes
825,5.37,32,4174669,Loose,Yes
826,9.2,36,793464,Loose,No
827,3.46,37,818730,Moderate,Yes
828,3.47,26,1677415,Strict,No
829,7.38,22,4362663,Moderate,Yes
830,4.52,4,3693824,Strict,No
831,2.25,31,4768223,Strict,Yes
832,4.52,18,1458356,Loose,No
833,1.41,38,1615719,Moderate,No
834,1.76,24,4241426,Loose,Yes
835,4.98,23,916117,Moderate,No
836,4.19,22,937566,Moderate,Yes
837,9.15,2,1256543,Loose,No
838,3.62,31,194455,Moderate,No
839,5.81,11,1609639,Moderate,No
840,6.32,28,1323981,Strict,No
841,0.13,46,2436798,Moderate,No
842,6.64,32,4484241,Moderate,No
843,1.78,5,2669464,Loose,No
844,9.61,38,2258344,Loose,Yes
845,1.49,10,935165,Moderate,Yes
846,4.15,40,3480889,Strict,No
847,0.85,46,1834428,Strict,No
848,9.97,24,3922069,Loose,No
849,5.02,35,4580591,Moderate,Yes
850,5.95,44,2143683,Moderate,No
851,0.67,48,3244787,Strict,Yes
852,7.5,23,2912789,Strict,No
853,2.1,17,3352772,Strict,No
854,8.98,1,1653749,Loose,No
855,2.05,31,2378214,Moderate,No
856,1.91,31,556104,Loose,No
857,0.37,42,2266503,Moderate,Yes
858,4.72,42,334085,Loose,No
859,5.65,34,858171,Moderate,Yes
860,0.66,9,598095,Strict,Yes
861,7.76,22,2267461,Strict,No
862,4.53,13,4980397,Strict,No
863,5.24,25,1267732,Loose,No
864,4.41,48,2535296,Strict,Yes
865,4.01,18,1590424,Moderate,Yes
866,5.6,12,121576,Loose,Yes
867,1.55,40,3773336,Moderate,No
868,1.82,17,2863262,Loose,Yes
869,8.62,15,2824442,Moderate,Yes
870,9.46,42,3430263,Moderate,Yes
871,3.73,15,3765842,Loose,No
872,2.71,15,2837968,Loose,Yes
873,6.44,39,2891338,Strict,Yes
874,4.09,13,2286203,Strict,No
875,0.25,17,3011451,Moderate,No
876,1.56,32,3437031,Moderate,No
877,7.16,9,2400457,Moderate,Yes
878,6.59,40,3552550,Loose,Yes
879,0.27,20,4045123,Loose,Yes
880,2.22,26,2654728,Strict,No
881,2.31,27,4868026,Moderate,Yes
882,6.72,21,2263769,Strict,No
883,0.2,18,4183501,Loose,No
884,1.04,13,4936161,Loose,Yes
885,8.0,16,1880248,Loose,Yes
886,1.79,9,2708026,Strict,Yes
887,6.53,12,4895817,Loose,No
888,2.38,44,2280019,Moderate,No
889,0.99,38,879957,Strict,Yes
890,2.43,19,2013980,Loose,No
891,7.22,7,1607394,Strict,Yes
892,8.56,35,3079845,Strict,Yes
893,8.3,48,2812188,Loose,Yes
894,3.97,18,354265,Loose,No
895,6.68,16,4813797,Strict,No
896,2.05,39,1010913,Strict,Yes
897,2.93,4,2157017,Loose,Yes
898,8.96,25,753817,Moderate,No
899,0.13,32,1096433,Strict,Yes
900,0.86,40,2135286,Strict,No
901,2.08,13,2681505,Moderate,Yes
902,0.27,45,4208949,Loose,No
903,1.81,17,4976691,Loose,Yes
904,5.83,49,4774071,Moderate,No
905,4.21,37,4303887,Loose,Yes
906,8.93,6,4868979,Loose,No
907,8.17,19,1597850,Strict,No
908,3.42,13,4136480,Strict,No
909,2.59,26,1046803,Strict,No
910,3.8,14,3586444,Moderate,Yes
911,5.9,31,4110088,Loose,No
912,2.68,4,2195598,Loose,No
913,6.24,39,4973014,Strict,Yes
914,4.09,8,568298,Strict,No
915,5.52,25,4103031,Moderate,Yes
916,4.36,13,4430453,Loose,No
917,2.94,32,670303,Moderate,No
918,9.48,38,1088651,Loose,No
919,7.64,38,3417657,Moderate,No
920,1.4,28,3436640,Strict,No
921,8.68,30,4288695,Moderate,No
922,4.87,3,2760891,Moderate,Yes
923,8.95,28,4716167,Strict,Yes
924,8.0,3,659119,Loose,No
925,4.25,45,2063957,Loose,No
926,0.22,34,2442094,Strict,Yes
927,2.69,16,2292271,Moderate,Yes
928,5.42,22,2945376,Moderate,No
929,6.33,32,4056558,Moderate,No
930,2.58,38,3831570,Loose,No
931,1.39,8,3132362,Moderate,No
932,8.35,8,1301988,Loose,No
933,9.84,6,1690346,Moderate,No
934,5.26,14,4534921,Strict,Yes
935,1.72,32,3354449,Strict,No
936,2.72,35,705398,Loose,No
937,0.18,10,4407910,Loose,Yes
938,9.14,3,1687514,Strict,Yes
939,1.18,12,3422918,Strict,Yes
940,5.77,49,360102,Moderate,Yes
941,2.74,31,247631,Strict,No
942,5.54,29,1443054,Loose,Yes
943,6.51,5,2433697,Strict,Yes
944,8.3,25,3259016,Loose,No
945,2.06,41,1826334,Loose,Yes
946,0.11,31,3453030,Moderate,Yes
947,1.37,21,1947199,Moderate,No
948,9.0,20,3307443,Moderate,No
949,8.74,39,1738004,Moderate,No
950,5.97,22,1829187,Strict,No
951,6.01,4,3427775,Moderate,No
952,6.65,13,4561595,Strict,No
953,1.75,45,3560096,Moderate,No
954,9.14,42,1430363,Moderate,Yes
955,4.19,50,3546839,Loose,Yes
956,3.83,49,3213506,Strict,No
957,5.19,20,4397839,Loose,Yes
958,0.47,13,1661014,Moderate,No
959,1.66,17,4877551,Strict,Yes
960,7.38,36,4689369,Moderate,No
961,0.83,33,2919648,Loose,Yes
962,6.03,1,3357983,Strict,No
963,2.45,15,3754250,Loose,Yes
964,3.89,13,851972,Moderate,No
965,2.89,17,359427,Moderate,Yes
966,3.56,24,3677507,Moderate,Yes
967,7.19,8,3731171,Strict,No
968,2.97,50,2339155,Loose,Yes
969,5.66,27,3843185,Loose,Yes
970,4.76,45,2457681,Moderate,Yes
971,6.64,23,2955825,Loose,Yes
972,9.37,46,814261,Strict,Yes
973,7.33,8,3870433,Moderate,No
974,2.15,8,4526111,Moderate,No
975,0.31,26,124363,Moderate,Yes
976,2.62,47,494798,Strict,No
977,5.95,13,2145990,Moderate,Yes
978,0.51,39,1485049,Moderate,No
979,4.96,37,2198772,Moderate,Yes
980,5.97,49,1598447,Moderate,Yes
981,3.34,28,3341147,Loose,Yes
982,7.71,25,4987198,Moderate,Yes
983,1.07,16,1645288,Strict,No
984,0.75,2,4202622,Moderate,No
985,7.28,18,1695123,Moderate,No
986,4.95,17,4314959,Loose,Yes
987,6.88,30,2099085,Moderate,No
988,4.35,39,1049133,Loose,No
989,2.46,13,550400,Strict,Yes
990,8.19,32,4960774,Loose,Yes
991,7.99,50,4169305,Moderate,Yes
992,6.95,29,1491538,Strict,No
993,2.72,46,4207560,Moderate,No
994,5.9,30,271236,Loose,Yes
995,3.61,18,3110129,Strict,No
996,0.92,13,189743,Strict,Yes
997,9.17,43,4742179,Loose,No
998,1.37,21,4212924,Loose,Yes
999,9.5,30,2055206,Strict,No
1000,4.46,21,4188077,Strict,No
1001,1.85,48,1238422,Loose,No
1002,5.42,17,858795,Moderate,Yes
1003,8.73,40,1864688,Strict,Yes
1004,7.32,19,3057817,Loose,Yes
1005,8.07,15,2804489,Moderate,No
1006,6.59,9,339647,Strict,Yes
1007,6.92,10,4584266,Strict,No
1008,8.49,44,4193776,Loose,Yes
1009,2.5,31,4614153,Moderate,Yes
1010,4.89,23,4838696,Strict,No
1011,2.21,30,4680784,Moderate,No
1012,9.88,33,3897920,Moderate,Yes
1013,9.44,9,3872515,Strict,Yes
1014,0.39,47,3042609,Moderate,No
1015,7.06,1,1900200,Strict,No
1016,9.25,44,524632,Moderate,Yes
1017,1.81,35,1672732,Strict,No
1018,5.68,11,2040593,Loose,Yes
1019,9.15,34,1609837,Strict,Yes
1020,0.34,16,2840855,Strict,Yes
1021,6.97,9,1591625,Strict,No
1022,2.97,32,3440444,Moderate,Yes
1023,9.24,15,3850222,Loose,Yes
1024,9.71,12,1480188,Moderate,No
1025,9.44,33,3227555,Moderate,No
1026,4.74,45,3160465,Strict,No
1027,8.62,14,3269451,Moderate,Yes
1028,8.45,8,2918767,Strict,No
1029,3.19,8,3966610,Loose,No
1030,8.29,27,1562333,Moderate,Yes
1031,0.37,12,670217,Moderate,Yes
1032,5.96,1,223199,Moderate,Yes
1033,2.3,43,2228825,Strict,Yes
1034,1.21,40,524190,Strict,No
1035,0.77,42,3572696,Moderate,Yes
1036,6.96,11,2220677,Moderate,No
1037,3.4,39,2779244,Loose,Yes
1038,7.25,43,3322989,Loose,Yes
1039,0.65,31,2697979,Loose,No
1040,3.15,17,2116307,Loose,No
1041,5.39,33,4061643,Loose,No
1042,7.91,32,2204417,Strict,Yes
1043,3.19,29,909195,Loose,Yes
1044,6.26,21,4310037,Loose,No
1045,8.86,21,998628,Moderate,No
1046,6.16,40,3861054,Strict,Yes
1047,2.33,23,2496716,Loose,No
1048,0.24,6,2655517,Loose,No
1049,8.7,22,1169634,Loose,Yes
1050,0.21,50,2443453,Moderate,No
1051,8.75,38,1445649,Moderate,Yes
1052,5.29,37,1101675,Moderate,Yes
1053,9.39,45,2157244,Loose,Yes
1054,7.99,8,2807929,Moderate,No
1055,9.98,41,3948444,Loose,No
1056,3.51,49,2274749,Strict,No
1057,7.67,35,3242536,Loose,No
1058,4.02,11,1941049,Moderate,Yes
1059,4.8,24,4372513,Strict,Yes
1060,6.28,49,4028125,Loose,No
1061,8.74,21,4225186,Strict,No
1062,9.84,2,3438669,Strict,No
1063,7.68,40,3922147,Strict,No
1064,4.18,19,724152,Loose,Yes
1065,4.21,39,2345772,Moderate,No
1066,7.38,28,4460866,Loose,Yes
1067,2.39,17,2404310,Moderate,No
1068,1.1,6,1076264,Loose,No
1069,3.55,19,4193569,Loose,No
1070,2.87,38,4580757,Loose,Yes
1071,2.96,28,4028094,Moderate,No
1072,2.34,2,3065483,Loose,Yes
1073,0.42,38,4519713,Strict,Yes
1074,0.18,37,2890353,Loose,No
1075,9.88,4,3161316,Strict,Yes
1076,4.28,22,2565849,Moderate,Yes
1077,3.84,26,3033865,Moderate,Yes
1078,6.8,49,682314,Loose,No
1079,2.18,43,3941185,Loose,Yes
1080,9.5,36,2605700,Loose,Yes
1081,7.86,13,245693,Strict,No
1082,0.89,32,1749734,Moderate,No
1083,4.18,17,3788190,Strict,Yes
1084,8.79,41,1010789,Strict,Yes
1085,9.45,36,985621,Loose,Yes
1086,4.67,46,4593122,Loose,Yes
1087,6.13,19,661548,Strict,No
1088,1.67,35,804824,Strict,No
1089,9.91,46,1932500,Loose,Yes
1090,2.32,40,4479845,Loose,No
1091,9.43,28,1803728,Strict,Yes
1092,6.5,1,4862315,Loose,No
1093,6.08,42,3477136,Loose,No
1094,5.13,18,568451,Strict,Yes
1095,2.31,48,3487841,Strict,Yes
1096,1.77,40,3322026,Moderate,Yes
1097,2.2,33,4877830,Strict,Yes
1098,1.86,12,359425,Loose,No
1099,7.8,8,610609,Strict,No
1100,3.5,24,4594893,Strict,Yes
1101,0.58,16,2193333,Strict,No
1102,9.69,50,730458,Moderate,No
1103,8.84,4,2068093,Moderate,Yes
1104,9.28,38,2544913,Loose,Yes
1105,9.95,44,3887132,Moderate,No
1106,1.74,27,3909821,Strict,Yes
1107,3.96,9,895911,Moderate,Yes
1108,7.58,47,4893953,Strict,No
1109,6.96,16,1825240,Moderate,No
1110,1.54,12,528910,Moderate,Yes
1111,8.16,31,3369960,Moderate,No
1112,2.24,24,4137746,Strict,Yes
1113,2.24,14,181171,Moderate,Yes
1114,5.37,45,2573447,Strict,No
1115,5.93,25,2283448,Strict,No
1116,5.8,34,1289138,Loose,Yes
1117,0.91,3,2349476,Moderate,Yes
1118,8.77,24,2859374,Loose,Yes
1119,2.66,42,1552242,Loose,No
1120,1.3,9,3563894,Strict,Yes
1121,8.89,26,883258,Moderate,No
1122,9.56,20,1996999,Strict,Yes
1123,8.62,40,2952889,Strict,No
1124,8.1,10,1460573,Moderate,Yes
1125,6.55,19,1977887,Strict,No
1126,5.51,3,1861201,Moderate,Yes
1127,0.87,24,2437180,Moderate,Yes
1128,4.08,5,3585862,Strict,Yes
1129,3.73,3,1500507,Strict,Yes
1130,2.6,27,4335040,Loose,No
1131,7.23,16,4503428,Strict,No
1132,4.96,49,2664462,Moderate,No
1133,0.81,15,2857398,Loose,No
1134,2.2,35,488742,Moderate,No
1135,6.83,12,2421945,Loose,Yes
1136,0.76,41,742911,Strict,No
1137,8.51,44,776935,Strict,No
1138,4.95,26,1785124,Strict,No
1139,4.81,47,3223305,Moderate,No
1140,5.92,34,4727163,Loose,Yes
1141,8.25,23,4173332,Moderate,Yes
1142,3.48,31,501072,Loose,Yes
1143,6.78,50,2195637,Strict,Yes
1144,5.66,20,2888302,Moderate,No
1145,2.67,12,1056010,Strict,No
1146,8.79,23,3621302,Moderate,Yes
1147,7.97,4,843264,Strict,Yes
1148,6.58,23,4959633,Moderate,No
1149,8.51,48,4568852,Moderate,No
1150,8.67,48,4011372,Loose,Yes
1151,7.08,1,519503,Strict,Yes
1152,8.37,25,3279888,Loose,Yes
1153,6.97,2,258253,Loose,Yes
1154,6.8,30,769745,Strict,No
1155,6.19,3,3311369,Moderate,No
1156,7.53,21,1759537,Loose,No
1157,1.59,25,1379898,Strict,Yes
1158,8.81,20,2464840,Moderate,No
1159,8.72,49,871143,Loose,No
1160,0.29,22,4006377,Loose,Yes
1161,8.26,21,4590998,Loose,Yes
1162,1.29,33,4085853,Moderate,Yes
1163,3.35,38,1561433,Loose,Yes
1164,7.44,15,3448549,Moderate,Yes
1165,1.61,46,1426325,Loose,Yes
1166,8.18,15,4790693,Strict,No
1167,8.32,46,2247865,Loose,No
1168,5.07,25,3042050,Strict,No
1169,0.06,21,1676845,Strict,No
1170,2.87,24,1088722,Strict,No
1171,6.17,5,2137398,Moderate,No
1172,9.81,6,3627110,Strict,Yes
1173,6.32,49,4389639,Loose,Yes
1174,2.6,43,1165560,Moderate,Yes
1175,6.34,48,2854036,Strict,No
1176,5.4,44,191656,Moderate,No
1177,7.8,47,2262766,Moderate,Yes
1178,1.07,23,453153,Moderate,Yes
1179,7.61,4,3553708,Loose,Yes
1180,5.41,27,4229977,Strict,Yes
1181,9.63,18,4201153,Moderate,Yes
1182,3.42,21,1087938,Moderate,No
1183,6.33,28,1082014,Moderate,No
1184,9.32,35,3901065,Strict,No
1185,1.03,22,962839,Moderate,Yes
1186,9.37,40,1782245,Moderate,No
1187,6.88,23,1164367,Loose,Yes
1188,0.68,3,1206623,Strict,No
1189,3.01,40,334898,Loose,Yes
1190,7.08,50,561122,Strict,Yes
1191,0.67,10,775025,Strict,No
1192,5.82,25,4364550,Strict,No
1193,3.46,49,4209683,Loose,No
1194,6.21,8,1705752,Loose,No
1195,0.46,11,3383549,Loose,No
1196,8.72,5,4865123,Loose,Yes
1197,9.73,45,907040,Moderate,No
1198,9.69,37,4232443,Moderate,No
1199,7.5,45,2543292,Moderate,Yes
1200,1.3,38,3742891,Strict,No
1201,7.58,29,2254828,Moderate,Yes
1202,0.25,5,3693345,Strict,No
1203,0.22,9,1133388,Loose,No
1204,3.24,48,2884975,Strict,Yes
1205,4.89,2,3183362,Strict,No
1206,7.7,1,551989,Moderate,No
1207,6.83,40,919555,Loose,No
1208,4.46,30,4959382,Loose,No
1209,2.74,11,3177026,Moderate,Yes
1210,9.97,28,2244751,Loose,Yes
1211,4.26,44,248469,Loose,No
1212,4.51,12,2437422,Loose,No
1213,1.64,39,4270555,Moderate,Yes
1214,7.95,26,616394,Loose,Yes
1215,6.94,13,3874159,Strict,No
1216,2.21,8,2190825,Strict,Yes
1217,0.82,28,620112,Loose,Yes
1218,6.8,30,3390303,Moderate,Yes
1219,6.55,9,2804114,Moderate,Yes
1220,2.73,39,2746785,Moderate,No
1221,9.51,31,2518853,Loose,Yes
1222,1.51,21,3179710,Loose,No
1223,4.32,47,632249,Strict,No
1224,9.44,34,4484077,Moderate,Yes
1225,4.2,31,4637112,Strict,No
1226,6.39,25,1229775,Strict,No
1227,3.98,12,2296916,Moderate,Yes
1228,2.74,1,1270933,Loose,Yes
1229,9.84,22,1491449,Loose,Yes
1230,4.09,40,2618929,Strict,No
1231,8.94,37,3092933,Strict,No
1232,2.3,47,959734,Strict,No
1233,2.13,1,1767832,Strict,No
1234,0.31,1,2357728,Moderate,Yes
1235,6.52,42,1972154,Strict,No
1236,3.69,42,2807834,Strict,Yes
1237,8.64,21,1013605,Loose,Yes
1238,4.73,15,3109526,Loose,Yes
1239,9.68,17,1610399,Loose,Yes
1240,1.86,22,116939,Moderate,No
1241,8.69,38,2641083,Moderate,Yes
1242,7.77,35,4600908,Loose,No
1243,7.71,45,2132656,Loose,Yes
1244,8.45,16,4165011,Strict,Yes
1245,7.61,8,3389986,Strict,Yes
1246,6.26,47,1367403,Moderate,No
1247,1.31,17,1415777,Moderate,Yes
1248,0.33,17,4444109,Strict,Yes
1249,9.21,26,1954165,Loose,Yes
1250,6.17,13,2347837,Strict,Yes
1251,7.97,17,477224,Moderate,No
1252,4.82,38,4773802,Moderate,No
1253,1.17,17,4532482,Strict,Yes
1254,1.25,48,4553722,Strict,Yes
1255,6.86,14,334433,Strict,No
1256,4.3,45,2126199,Moderate,No
1257,2.01,6,464446,Loose,No
1258,4.92,35,548934,Strict,Yes
1259,0.64,46,2757885,Moderate,No
1260,5.82,14,1982226,Moderate,Yes
1261,2.69,47,3007658,Moderate,No
1262,7.98,8,2178038,Strict,No
1263,3.1,15,1571617,Strict,Yes
1264,4.55,27,923271,Loose,No
1265,0.12,13,2042120,Moderate,Yes
1266,0.72,49,3111098,Strict,No
1267,3.92,31,2789762,Moderate,Yes
1268,4.8,35,3039905,Moderate,No
1269,6.0,6,1782964,Loose,No
1270,2.92,5,921939,Strict,Yes
1271,6.95,22,4393548,Strict,Yes
1272,8.6,49,3737588,Moderate,Yes
1273,7.8,23,2585084,Moderate,Yes
1274,0.4,25,3603123,Loose,No
1275,4.81,34,4055966,Loose,No
1276,1.05,26,3714705,Loose,No
1277,2.42,47,2600120,Loose,No
1278,9.87,5,4032613,Loose,No
1279,1.42,26,4155032,Loose,No
1280,4.99,20,3857378,Moderate,Yes
1281,6.18,6,2296274,Loose,No
1282,7.02,6,2529700,Moderate,No
1283,5.6,50,721458,Moderate,Yes
1284,0.1,18,1631439,Strict,No
1285,3.26,4,4196920,Moderate,No
1286,5.18,17,2173890,Moderate,No
1287,0.88,14,3481579,Loose,Yes
1288,3.51,14,3601661,Moderate,Yes
1289,0.33,13,2817956,Loose,No
1290,0.79,7,4165249,Loose,Yes
1291,3.97,44,2704902,Loose,No
1292,1.33,15,498008,Strict,No
1293,5.68,19,4219214,Loose,No
1294,6.89,43,1423957,Moderate,Yes
1295,8.01,47,1954260,Loose,No
1296,2.0,44,3649651,Loose,No
1297,1.67,35,2896647,Loose,No
1298,1.05,17,274001,Strict,No
1299,6.36,35,2514607,Moderate,No
1300,7.06,19,4006419,Strict,Yes
1301,0.32,20,165867,Moderate,No
1302,9.36,36,188780,Strict,Yes
1303,0.52,35,2795145,Moderate,No
1304,5.41,32,3041478,Strict,Yes
1305,7.09,48,974072,Loose,No
1306,8.71,44,3867263,Strict,No
1307,7.14,40,3949981,Strict,Yes
1308,8.02,24,4295031,Loose,Yes
1309,3.39,17,4184591,Loose,No
1310,8.15,7,1119051,Moderate,Yes
1311,0.8,43,1514119,Moderate,Yes
1312,8.95,50,1368182,Moderate,No
1313,5.48,1,4174161,Strict,No
1314,8.17,35,490732,Moderate,No
1315,4.52,32,2670746,Strict,No
1316,6.44,36,2351743,Strict,No
1317,5.26,13,4126352,Moderate,Yes
1318,7.32,6,2376158,Moderate,No
1319,0.82,14,3220452,Strict,Yes
1320,0.6,37,3405640,Loose,No
1321,2.47,48,2810807,Loose,No
1322,1.6,15,1562417,Strict,Yes
1323,8.72,47,775899,Moderate,No
1324,2.19,4,418774,Strict,Yes
1325,9.76,40,586626,Strict,Yes
1326,3.37,16,3123871,Moderate,Yes
1327,1.82,28,4949617,Loose,No
1328,7.9,16,711868,Strict,No
1329,6.59,4,4633910,Loose,No
1330,4.98,45,1507757,Loose,No
1331,5.55,26,1304656,Moderate,No
1332,7.19,28,3556800,Strict,No
1333,2.28,32,838456,Strict,Yes
1334,9.96,45,1238452,Loose,No
1335,9.75,2,2746416,Loose,No
1336,6.5,31,782986,Moderate,No
1337,2.0,3,4654704,Loose,No
1338,6.8,8,2388013,Moderate,Yes
1339,0.72,24,1867581,Strict,Yes
1340,0.31,15,2448818,Moderate,Yes
1341,2.58,43,3515398,Loose,Yes
1342,4.63,31,4922455,Strict,Yes
1343,8.68,9,3444849,Moderate,No
1344,7.27,39,435510,Strict,Yes
1345,7.43,45,3194973,Moderate,Yes
1346,4.25,2,4746637,Loose,No
1347,3.46,8,3301824,Loose,No
1348,3.71,7,150248,Strict,Yes
1349,9.88,44,4165183,Strict,No
1350,0.4,39,2277040,Strict,No
1351,8.67,42,340346,Moderate,Yes
1352,5.79,16,718821,Loose,No
1353,4.39,35,4336258,Strict,Yes
1354,7.25,30,4646167,Strict,Yes
1355,4.87,10,764164,Strict,No
1356,8.73,38,1896641,Moderate,Yes
1357,9.01,18,362739,Strict,Yes
1358,4.22,50,3537464,Strict,No
1359,2.77,5,2521961,Moderate,No
1360,5.92,29,368116,Moderate,No
1361,9.12,39,3523754,Strict,No
1362,2.11,34,1870330,Strict,Yes
1363,6.23,43,4758575,Moderate,No
1364,6.32,45,3924857,Loose,No
1365,7.33,23,2746460,Moderate,Yes
1366,1.32,5,464765,Loose,Yes
1367,7.16,30,2020382,Strict,Yes
1368,9.09,6,112879,Strict,Yes
1369,1.8,46,658086,Loose,No
1370,2.38,44,3877807,Moderate,No
1371,9.71,4,1631618,Strict,Yes
1372,1.81,29,4995737,Loose,Yes
1373,8.54,23,4099143,Moderate,Yes
1374,4.92,6,4782251,Loose,Yes
1375,2.47,32,259472,Moderate,No
1376,8.71,42,2191028,Moderate,Yes
1377,4.45,18,2995537,Moderate,No
1378,5.15,15,2827850,Moderate,Yes
1379,3.59,40,1798019,Loose,No
1380,5.93,32,3400335,Loose,No
1381,1.64,9,1879472,Loose,No
1382,3.91,37,3713983,Loose,No
1383,9.69,10,3249783,Loose,Yes
1384,2.58,20,2497466,Moderate,No
1385,6.57,6,2426168,Strict,Yes
1386,3.25,48,4008673,Strict,No
1387,7.73,3,2034984,Loose,No
1388,1.31,42,1438971,Loose,Yes
1389,9.7,11,4241314,Strict,Yes
1390,4.54,43,4386419,Moderate,No
1391,2.36,17,2137701,Loose,No
1392,0.73,32,4110086,Moderate,Yes
1393,1.7,4,3717760,Strict,No
1394,5.2,4,582870,Strict,Yes
1395,3.37,17,4657612,Loose,Yes
1396,8.29,41,4309689,Moderate,Yes
1397,4.31,19,4097581,Loose,No
1398,2.49,5,4252109,Strict,No
1399,6.17,32,2705822,Moderate,Yes
1400,7.07,22,217369,Loose,Yes
1401,1.67,6,3819127,Loose,Yes
1402,1.68,35,2450876,Loose,Yes
1403,0.37,22,3473328,Strict,No
1404,7.36,1,3719047,Loose,Yes
1405,6.64,20,2331737,Moderate,No
1406,4.75,22,2967695,Loose,Yes
1407,8.44,48,2865847,Strict,No
1408,8.06,11,1848076,Loose,No
1409,5.85,13,1750522,Strict,No
1410,8.68,42,1267213,Strict,No
1411,2.06,3,1007153,Moderate,No
1412,1.12,9,2814660,Moderate,Yes
1413,2.7,12,3100827,Loose,Yes
1414,0.57,23,2023298,Strict,No
1415,5.31,14,3725279,Strict,Yes
1416,9.37,33,4136423,Moderate,Yes
1417,0.39,18,621397,Moderate,Yes
1418,1.22,49,892425,Loose,Yes
1419,4.52,41,3210997,Strict,Yes
1420,9.34,9,4004413,Moderate,Yes
1421,3.16,23,1666772,Loose,Yes
1422,5.07,10,3101179,Strict,No
1423,0.42,19,152066,Strict,Yes
1424,1.48,47,2571146,Moderate,Yes
1425,9.87,5,358480,Loose,Yes
1426,9.65,47,4283005,Moderate,No
1427,0.05,23,3852331,Loose,No
1428,9.52,30,1111214,Strict,Yes
1429,6.39,25,4180554,Loose,No
1430,8.68,28,4271364,Loose,No
1431,4.55,34,2035822,Loose,Yes
1432,5.16,45,2673937,Loose,No
1433,4.89,48,4297739,Loose,Yes
1434,6.67,47,2036513,Moderate,No
1435,1.4,25,3405742,Loose,Yes
1436,0.3,10,1570851,Loose,No
1437,3.08,14,812917,Strict,Yes
1438,7.05,42,3035973,Loose,Yes
1439,2.02,46,3036598,Strict,No
1440,6.73,30,4586745,Moderate,Yes
1441,9.7,41,2757179,Moderate,Yes
1442,0.94,25,1551511,Loose,No
1443,6.73,14,2800993,Moderate,Yes
1444,4.44,35,4302618,Loose,Yes
1445,8.68,48,718119,Moderate,No
1446,1.77,34,4107324,Loose,Yes
1447,6.93,10,3615530,Loose,No
1448,8.38,35,3019697,Strict,Yes
1449,9.45,11,741462,Strict,No
1450,6.83,11,2427089,Strict,No
1451,4.97,21,644653,Strict,Yes
1452,6.18,21,4595477,Loose,No
1453,8.69,22,493186,Moderate,Yes
1454,5.71,45,3855490,Loose,Yes
1455,0.3,7,4634666,Strict,No
1456,9.31,17,3404299,Strict,Yes
1457,6.9,2,862790,Moderate,Yes
1458,6.77,12,1850093,Strict,No
1459,2.16,42,1320682,Loose,Yes
1460,6.59,18,2995018,Loose,Yes
1461,3.94,11,707317,Loose,No
1462,6.51,16,2200923,Loose,Yes
1463,1.07,49,1793675,Loose,Yes
1464,6.58,18,1074303,Moderate,No
1465,9.99,35,4094417,Loose,Yes
1466,0.48,26,420580,Strict,Yes
1467,9.77,16,3353507,Strict,No
1468,4.07,6,4943483,Strict,Yes
1469,8.71,44,2976237,Strict,Yes
1470,7.82,43,3731047,Moderate,No
1471,5.67,47,1136658,Strict,No
1472,7.38,47,580674,Moderate,Yes
1473,8.79,48,4847924,Strict,Yes
1474,4.04,42,493056,Moderate,No
1475,3.27,12,4383335,Moderate,Yes
1476,6.68,13,3712914,Moderate,Yes
1477,8.08,4,283024,Strict,Yes
1478,7.62,39,1176048,Moderate,No
1479,7.98,2,2257098,Loose,Yes
1480,4.36,26,1044353,Loose,Yes
1481,8.18,27,3509413,Strict,No
1482,1.2,27,1151341,Loose,No
1483,5.44,15,4599522,Loose,No
1484,0.06,8,3930371,Loose,Yes
1485,3.25,7,1923980,Strict,Yes
1486,3.66,47,2066849,Strict,No
1487,3.96,46,1821742,Loose,Yes
1488,6.95,40,4967920,Strict,Yes
1489,3.89,12,4660351,Moderate,Yes
1490,4.49,13,4813094,Loose,Yes
1491,2.38,43,3395453,Strict,No
1492,3.73,17,3725613,Strict,No
1493,2.27,17,2236491,Loose,Yes
1494,0.73,36,3664701,Strict,No
1495,6.03,21,404543,Loose,Yes
1496,6.68,8,4076173,Strict,Yes
1497,6.19,5,3212261,Moderate,No
1498,4.63,26,1556498,Loose,No
1499,3.8,16,3797925,Moderate,Yes
1500,8.63,36,4268986,Loose,Yes
1501,5.19,28,4813297,Strict,Yes
1502,4.79,29,3191287,Moderate,Yes
1503,0.26,47,812932,Strict,No
1504,3.41,12,1081271,Loose,No
1505,3.8,37,1092206,Loose,Yes
1506,3.99,30,2338154,Loose,Yes
1507,5.8,23,103285,Loose,No
1508,5.34,16,2757303,Loose,Yes
1509,6.08,14,3133361,Moderate,No
1510,7.65,10,1804491,Loose,Yes
1511,8.13,7,1481688,Strict,No
1512,7.18,45,1202491,Moderate,Yes
1513,9.56,37,765979,Strict,Yes
1514,0.18,29,884278,Loose,Yes
1515,1.96,3,607553,Strict,No
1516,0.08,15,1076778,Moderate,No
1517,6.47,36,4184457,Moderate,Yes
1518,8.98,47,2570562,Moderate,Yes
1519,2.43,46,2638076,Strict,Yes
1520,9.27,19,3898057,Moderate,Yes
1521,0.6,13,3298747,Strict,No
1522,9.34,42,4825965,Loose,No
1523,3.52,21,2002871,Loose,No
1524,1.01,37,722215,Strict,Yes
1525,4.86,27,1911049,Moderate,Yes
1526,2.57,29,446229,Strict,No
1527,2.85,20,1266572,Strict,Yes
1528,3.07,25,4857812,Strict,No
1529,8.03,6,2589799,Loose,No
1530,5.39,36,4826234,Strict,No
1531,3.11,2,179971,Loose,No
1532,6.1,22,1973200,Strict,Yes
1533,7.16,32,1666049,Loose,No
1534,2.73,16,4691901,Strict,Yes
1535,4.14,18,2949095,Strict,No
1536,1.22,5,1415502,Moderate,No
1537,1.81,36,4480088,Moderate,No
1538,6.81,30,1299110,Strict,No
1539,1.81,45,946462,Strict,Yes
1540,5.25,19,823879,Strict,Yes
1541,7.09,23,4088571,Strict,Yes
1542,1.07,34,3432006,Moderate,Yes
1543,5.67,13,1719814,Loose,No
1544,2.57,43,1544315,Strict,Yes
1545,9.63,29,1602718,Moderate,Yes
1546,4.84,36,2928340,Strict,No
1547,8.06,22,1294737,Strict,Yes
1548,5.5,47,3643525,Loose,Yes
1549,0.43,36,498825,Strict,Yes
1550,6.33,9,1985190,Strict,Yes
1551,9.51,39,4795781,Loose,No
1552,6.02,19,330596,Loose,No
1553,8.19,38,2979198,Loose,Yes
1554,8.84,6,4222990,Loose,No
1555,2.28,47,4205810,Moderate,Yes
1556,2.12,15,2842651,Moderate,Yes
1557,6.11,20,1533482,Moderate,Yes
1558,4.11,9,394358,Strict,No
1559,8.4,32,2973798,Loose,No
1560,9.0,4,4821005,Loose,No
1561,3.53,50,1682369,Moderate,No
1562,2.37,18,3086386,Strict,No
1563,7.81,5,1281753,Strict,No
1564,2.75,20,1347752,Strict,Yes
1565,8.23,23,4684751,Moderate,No
1566,4.24,11,4795154,Strict,Yes
1567,6.68,37,3414479,Strict,Yes
1568,0.96,22,216908,Strict,No
1569,6.24,4,2443145,Loose,Yes
1570,4.52,29,3475896,Moderate,Yes
1571,5.87,44,951563,Loose,Yes
1572,1.68,34,950712,Loose,No
1573,7.37,13,4047922,Moderate,No
1574,8.63,42,741142,Loose,Yes
1575,2.17,9,337902,Strict,No
1576,0.96,42,2260231,Strict,Yes
1577,0.24,31,1694441,Strict,No
1578,6.42,7,4604562,Strict,Yes
1579,6.07,4,582450,Moderate,Yes
1580,5.47,19,1998238,Loose,No
1581,2.32,42,1619598,Loose,No
1582,3.91,30,2309485,Strict,No
1583,5.94,31,2759232,Strict,No
1584,4.97,35,145807,Loose,No
1585,9.88,21,1535986,Moderate,Yes
1586,1.36,31,760501,Loose,Yes
1587,6.95,19,1658274,Strict,Yes
1588,4.04,31,4922884,Strict,No
1589,4.28,32,747272,Moderate,No
1590,7.18,2,4832369,Loose,Yes
1591,6.92,10,3284074,Moderate,Yes
1592,9.91,2,3038287,Moderate,Yes
1593,1.28,2,3864993,Strict,Yes
1594,1.04,24,409963,Loose,No
1595,7.24,17,4191701,Strict,Yes
1596,5.78,32,1283493,Loose,No
1597,2.74,16,4841882,Strict,Yes
1598,0.79,16,1523271,Strict,No
1599,0.86,46,4718219,Loose,No
1600,8.94,39,1807229,Loose,No
1601,1.92,31,4150177,Strict,No
1602,3.23,43,2840936,Loose,Yes
1603,2.27,24,1651726,Strict,Yes
1604,3.55,1,2606976,Loose,Yes
1605,0.69,11,4491649,Strict,No
1606,5.19,21,3000203,Strict,Yes
1607,0.68,4,1750870,Strict,Yes
1608,8.0,7,3720597,Moderate,Yes
1609,2.34,26,908062,Loose,No
1610,5.4,47,3089159,Strict,No
1611,8.8,50,4934028,Moderate,No
1612,6.51,12,767538,Strict,Yes
1613,5.33,31,4707455,Moderate,Yes
1614,3.24,17,2113338,Strict,Yes
1615,3.33,33,3178378,Strict,No
1616,6.69,11,4972691,Moderate,Yes
1617,9.94,28,2162624,Moderate,No
1618,6.62,32,4745373,Loose,No
1619,5.58,1,2047175,Loose,No
1620,7.31,47,4361663,Moderate,No
1621,4.65,28,2400612,Loose,Yes
1622,0.6,42,4110768,Moderate,Yes
1623,5.62,7,2142749,Loose,No
1624,9.58,2,1425831,Strict,Yes
1625,1.75,42,4580609,Loose,No
1626,6.9,24,1005352,Strict,Yes
1627,2.01,4,991255,Strict,Yes
1628,5.36,44,2060022,Loose,No
1629,0.97,19,3376194,Moderate,No
1630,4.5,26,2378598,Strict,No
1631,7.56,11,4711534,Strict,No
1632,3.48,40,1981397,Loose,Yes
1633,6.65,50,4011251,Moderate,No
1634,7.95,43,4705681,Moderate,Yes
1635,9.27,11,1780664,Loose,No
1636,2.35,45,3646434,Moderate,Yes
1637,3.99,3,2578843,Loose,No
1638,1.52,12,862557,Loose,Yes
1639,9.92,3,4330061,Loose,Yes
1640,9.27,42,2819713,Strict,Yes
1641,5.4,27,4246477,Strict,No
1642,8.42,49,682933,Strict,No
1643,5.21,2,421199,Loose,No
1644,6.24,49,1026502,Strict,No
1645,0.89,16,3929994,Strict,Yes
1646,7.55,2,1511746,Strict,Yes
1647,1.28,30,2529488,Loose,Yes
1648,8.26,20,129092,Loose,No
1649,7.82,38,757191,Loose,Yes
1650,7.09,28,2487807,Strict,Yes
1651,0.36,25,983435,Moderate,No
1652,3.03,32,4181534,Strict,No
1653,2.63,10,1990576,Strict,Yes
1654,3.6,42,3609934,Loose,No
1655,0.88,40,3559379,Loose,No
1656,9.37,33,307580,Strict,No
1657,5.54,13,869032,Strict,No
1658,3.06,41,1772992,Moderate,Yes
1659,3.97,42,4842256,Moderate,Yes
1660,4.47,47,3872380,Loose,Yes
1661,6.01,37,4458548,Moderate,Yes
1662,5.16,16,576857,Moderate,Yes
1663,9.19,45,1760100,Loose,No
1664,4.97,22,111017,Moderate,Yes
1665,9.92,20,4031895,Strict,Yes
1666,8.51,50,3200786,Moderate,No
1667,2.09,43,2751788,Loose,No
1668,9.31,27,3655392,Strict,No
1669,1.16,41,2468787,Moderate,Yes
1670,8.17,16,309720,Strict,No
1671,3.81,34,2318222,Strict,No
1672,8.78,32,4090919,Moderate,No
1673,8.68,26,3115624,Moderate,Yes
1674,8.06,25,4237192,Loose,No
1675,7.9,2,2232162,Loose,No
1676,3.05,12,4217386,Strict,Yes
1677,0.81,40,1795625,Loose,No
1678,4.03,9,2062160,Strict,Yes
1679,1.74,12,1834872,Strict,Yes
1680,6.95,26,1751722,Loose,No
1681,3.46,9,4331797,Loose,Yes
1682,9.76,10,3937478,Loose,No
1683,6.41,32,4124537,Moderate,No
1684,8.22,34,2880877,Strict,No
1685,1.33,48,2720390,Strict,No
1686,8.62,20,3131863,Strict,Yes
1687,9.23,39,1250311,Loose,No
1688,4.87,2,1695776,Loose,No
1689,6.06,1,2168535,Loose,No
1690,7.65,36,3217173,Loose,Yes
1691,1.75,24,4925885,Loose,Yes
1692,5.03,27,3344811,Moderate,No
1693,3.99,2,3133932,Loose,Yes
1694,1.46,31,721747,Strict,Yes
1695,3.68,14,2595902,Loose,No
1696,0.68,2,2944517,Strict,No
1697,0.26,29,1381258,Loose,No
1698,1.35,15,4723190,Loose,No
1699,9.63,12,4523475,Strict,No
1700,5.5,37,3619567,Strict,Yes
1701,9.66,28,4461862,Strict,No
1702,4.32,20,1083061,Strict,No
1703,3.12,39,396412,Moderate,No
1704,5.06,24,2671703,Strict,No
1705,4.4,21,2485632,Loose,No
1706,1.06,10,2987225,Loose,Yes
1707,6.41,46,3332860,Moderate,No
1708,2.16,14,2795563,Strict,Yes
1709,6.2,37,1598118,Loose,No
1710,6.5,18,1900831,Moderate,No
1711,1.52,24,1694362,Loose,No
1712,0.61,14,3840214,Moderate,Yes
1713,7.81,34,2168710,Moderate,No
1714,4.6,12,3746313,Strict,No
1715,0.58,22,1107705,Moderate,No
1716,9.95,6,2882540,Loose,No
1717,0.58,36,416790,Loose,No
1718,6.95,45,2016195,Strict,No
1719,9.84,36,3647480,Strict,No
1720,2.39,22,3887415,Moderate,Yes
1721,1.42,14,145712,Strict,No
1722,1.21,16,2596641,Loose,No
1723,3.03,36,4628268,Loose,No
1724,1.01,25,2322494,Strict,Yes
1725,6.92,32,1764092,Strict,Yes
1726,0.62,33,4630801,Strict,No
1727,5.09,45,587707,Moderate,Yes
1728,9.97,36,192091,Moderate,No
1729,8.14,20,993150,Loose,No
1730,6.15,18,635827,Moderate,Yes
1731,3.06,38,1032196,Moderate,No
1732,6.24,3,2149736,Moderate,Yes
1733,5.27,23,4040063,Moderate,Yes
1734,4.26,32,521743,Loose,Yes
1735,1.31,45,1663482,Strict,No
1736,8.87,16,1730872,Loose,No
1737,4.5,5,1625068,Moderate,No
1738,1.95,4,4714228,Strict,No
1739,3.68,21,2264452,Strict,No
1740,4.14,40,4685711,Strict,No
1741,8.28,14,4234777,Loose,No
1742,7.34,39,3437013,Strict,Yes
1743,7.69,31,4074532,Loose,No
1744,0.11,14,3344699,Loose,No
1745,4.16,6,3183562,Moderate,No
1746,4.81,12,2235896,Moderate,Yes
1747,0.19,16,4672530,Strict,Yes
1748,2.6,17,2516738,Strict,Yes
1749,7.6,45,2807430,Moderate,No
1750,1.37,23,2056678,Loose,Yes
1751,5.35,14,2432127,Loose,Yes
1752,2.15,7,2725090,Moderate,No
1753,0.12,46,2026252,Loose,No
1754,2.41,32,2174278,Moderate,No
1755,9.76,15,2118852,Moderate,Yes
1756,8.02,44,2245265,Strict,No
1757,9.6,17,4434165,Strict,No
1758,4.88,41,1180701,Moderate,No
1759,1.1,47,1378343,Strict,No
1760,5.48,44,3132115,Moderate,No
1761,4.54,34,790778,Loose,No
1762,8.44,5,4144064,Loose,Yes
1763,0.98,45,278157,Loose,No
1764,4.88,27,1853897,Loose,Yes
1765,1.5,23,2450959,Moderate,Yes
1766,3.25,40,3928973,Loose,No
1767,7.37,14,711709,Loose,Yes
1768,4.76,15,1329959,Loose,Yes
1769,3.76,43,3443867,Loose,Yes
1770,3.94,33,4056092,Moderate,No
1771,4.59,31,2742800,Loose,Yes
1772,7.85,35,1758332,Strict,Yes
1773,8.92,17,4551441,Strict,Yes
1774,9.55,28,1449651,Strict,Yes
1775,7.87,19,871279,Strict,No
1776,3.15,46,4174999,Strict,No
1777,6.88,23,763431,Strict,Yes
1778,4.38,32,677701,Moderate,No
1779,2.55,40,1688404,Strict,No
1780,8.41,13,1905148,Loose,Yes
1781,0.38,20,352515,Strict,No
1782,9.02,35,3992825,Moderate,No
1783,4.61,5,2971083,Strict,Yes
1784,6.37,9,709723,Loose,Yes
1785,6.59,29,4838379,Loose,No
1786,8.95,6,383126,Moderate,No
1787,6.37,25,2744046,Moderate,No
1788,6.14,31,2076230,Moderate,No
1789,0.67,22,4249161,Moderate,Yes
1790,5.18,2,3479595,Strict,Yes
1791,1.5,45,3863302,Strict,Yes
1792,7.37,5,1026097,Loose,Yes
1793,5.12,27,2083438,Moderate,Yes
1794,6.8,25,483609,Moderate,No
1795,0.42,8,3205003,Strict,No
1796,0.85,1,1963082,Moderate,Yes
1797,7.16,20,2610963,Loose,Yes
1798,0.72,44,1853313,Loose,Yes
1799,0.71,23,2486149,Moderate,No
1800,0.12,32,3581591,Loose,No
1801,9.57,11,2348885,Loose,No
1802,7.38,39,2903005,Strict,Yes
1803,3.53,47,1386353,Loose,Yes
1804,2.97,24,2364719,Moderate,Yes
1805,3.5,11,3145471,Moderate,Yes
1806,7.75,29,3144221,Loose,Yes
1807,6.61,26,4226553,Moderate,No
1808,1.85,16,3304181,Strict,Yes
1809,1.74,35,1761342,Loose,No
1810,0.98,20,919593,Loose,No
1811,6.6,46,3432791,Loose,No
1812,7.64,3,2573592,Moderate,No
1813,2.65,1,3016933,Moderate,No
1814,0.21,47,4986202,Loose,Yes
1815,0.82,1,4919164,Moderate,Yes
1816,9.68,17,1116783,Moderate,Yes
1817,2.95,2,4006997,Loose,No
1818,7.69,29,3370421,Loose,No
1819,6.25,20,2026663,Moderate,No
1820,3.82,6,885786,Loose,No
1821,2.06,8,2527667,Loose,No
1822,1.21,29,4140013,Loose,No
1823,6.15,48,663889,Loose,Yes
1824,7.75,33,377834,Moderate,No
1825,6.44,3,4830654,Loose,No
1826,5.3,35,4631834,Strict,Yes
1827,0.42,5,3994325,Loose,No
1828,9.68,27,1838667,Strict,Yes
1829,7.99,44,3387281,Loose,Yes
1830,2.93,12,3344998,Strict,Yes
1831,9.8,20,4098585,Strict,No
1832,6.02,45,2916112,Loose,Yes
1833,5.82,20,4923062,Loose,Yes
1834,7.48,9,1832141,Loose,No
1835,8.12,39,4383191,Strict,Yes
1836,6.56,4,935544,Moderate,No
1837,1.28,19,2339164,Moderate,No
1838,3.38,38,386629,Loose,Yes
1839,9.28,27,2437643,Moderate,No
1840,2.25,45,1734461,Moderate,No
1841,3.72,43,4106714,Loose,Yes
1842,4.32,13,2114601,Strict,Yes
1843,4.39,13,1916418,Loose,Yes
1844,6.13,22,4047347,Moderate,Yes
1845,9.43,28,2987569,Strict,No
1846,2.41,47,1846988,Moderate,Yes
1847,1.22,45,4444939,Strict,Yes
1848,1.97,22,4996986,Moderate,Yes
1849,8.87,43,1120346,Loose,No
1850,6.46,19,1986522,Moderate,No
1851,2.86,8,3219331,Moderate,No
1852,8.16,8,4103487,Strict,No
1853,8.61,42,4547077,Moderate,No
1854,8.47,26,934938,Loose,Yes
1855,9.19,48,907400,Loose,No
1856,2.52,26,4684125,Loose,No
1857,7.55,23,3666881,Strict,No
1858,4.61,43,4031792,Strict,Yes
1859,8.42,13,4467207,Moderate,Yes
1860,7.28,28,3681877,Moderate,No
1861,7.76,9,4397255,Moderate,Yes
1862,6.56,20,3091890,Strict,No
1863,1.77,19,4249570,Strict,Yes
1864,5.45,48,405745,Moderate,Yes
1865,9.85,39,1879892,Strict,No
1866,9.37,12,1308402,Strict,Yes
1867,0.43,15,4643247,Loose,No
1868,1.65,31,4807527,Loose,No
1869,1.32,14,4080527,Moderate,No
1870,7.26,11,1020243,Moderate,Yes
1871,8.18,26,3521103,Loose,Yes
1872,2.14,42,3502410,Strict,No
1873,5.06,27,2436038,Moderate,No
1874,8.41,11,1290283,Moderate,Yes
1875,7.33,38,521001,Moderate,No
1876,5.42,34,3996134,Strict,Yes
1877,5.9,43,2935309,Loose,Yes
1878,5.08,19,3978016,Moderate,Yes
1879,2.98,6,112336,Loose,No
1880,5.65,46,1569204,Loose,No
1881,6.89,38,3058963,Strict,Yes
1882,8.73,49,3291319,Strict,No
1883,6.36,42,2025656,Strict,No
1884,7.61,28,3079718,Strict,Yes
1885,1.6,1,4722974,Strict,Yes
1886,4.62,35,3868553,Strict,No
1887,0.09,40,389372,Moderate,Yes
1888,2.47,8,114429,Loose,No
1889,7.26,47,1232870,Strict,Yes
1890,9.92,7,4246118,Moderate,Yes
1891,0.99,11,974506,Loose,No
1892,4.01,39,3576808,Strict,No
1893,8.0,4,3457707,Strict,No
1894,2.04,25,943810,Moderate,No
1895,5.55,12,4331614,Loose,No
1896,7.33,26,4494203,Strict,Yes
1897,6.16,38,4722776,Loose,Yes
1898,1.88,46,307500,Moderate,No
1899,3.55,12,4394166,Strict,Yes
1900,7.84,43,4662272,Loose,No
1901,5.54,37,1191014,Moderate,Yes
1902,0.05,46,4535786,Moderate,Yes
1903,7.61,24,2962750,Strict,No
1904,0.35,16,2161439,Loose,No
1905,7.46,13,2678305,Strict,No
1906,2.02,25,1960966,Strict,Yes
1907,9.58,4,1355950,Loose,No
1908,3.68,11,3927233,Loose,No
1909,3.27,32,4632070,Loose,No
1910,1.49,49,1650531,Moderate,No
1911,3.06,7,3796458,Moderate,No
1912,8.77,46,4376252,Loose,No
1913,9.96,11,3533468,Moderate,Yes
1914,3.68,28,1715270,Strict,Yes
1915,4.49,41,1189100,Loose,Yes
1916,7.22,23,2307312,Strict,Yes
1917,8.86,45,4775195,Loose,No
1918,5.93,23,668933,Strict,No
1919,3.92,50,484903,Loose,Yes
1920,4.13,28,4169604,Strict,Yes
1921,6.96,43,881608,Loose,Yes
1922,0.03,47,1266026,Loose,No
1923,6.2,26,1868407,Moderate,No
1924,3.55,25,1640710,Strict,No
1925,7.94,29,3446386,Moderate,Yes
1926,0.93,19,3523082,Strict,Yes
1927,5.88,33,4212742,Moderate,Yes
1928,4.81,36,1667043,Loose,Yes
1929,6.42,14,4394329,Moderate,Yes
1930,0.65,14,1299728,Moderate,No
1931,5.8,35,1643992,Loose,No
1932,5.61,30,2381636,Moderate,No
1933,5.61,28,2059484,Loose,No
1934,6.03,17,4484347,Strict,No
1935,6.76,3,3043430,Moderate,Yes
1936,8.05,16,3311208,Loose,No
1937,2.7,46,867128,Loose,Yes
1938,8.25,30,4609408,Moderate,No
1939,4.98,29,2431774,Strict,Yes
1940,0.77,45,534368,Moderate,Yes
1941,0.59,15,3666194,Loose,Yes
1942,3.34,46,2020773,Strict,Yes
1943,7.85,25,2934523,Moderate,Yes
1944,7.08,38,1267498,Loose,Yes
1945,7.89,42,616576,Moderate,No
1946,5.17,47,3891296,Strict,Yes
1947,4.4,38,1588204,Strict,Yes
1948,1.47,23,3033811,Strict,No
1949,3.28,25,3933538,Strict,Yes
1950,4.34,42,2270856,Strict,No
1951,0.89,7,631149,Moderate,No
1952,2.21,22,338366,Strict,Yes
1953,5.98,17,4618362,Strict,Yes
1954,7.36,18,965718,Loose,No
1955,9.98,49,4507900,Strict,Yes
1956,9.33,41,168515,Loose,No
1957,6.43,10,516740,Loose,Yes
1958,4.21,10,2466361,Loose,No
1959,6.36,7,1993884,Moderate,Yes
1960,7.86,48,1041208,Moderate,Yes
1961,1.18,50,4483233,Loose,No
1962,4.1,38,3382422,Moderate,No
1963,8.4,27,3067381,Strict,No
1964,3.84,33,2438692,Moderate,No
1965,5.72,1,2160035,Strict,Yes
1966,5.88,44,3214659,Strict,No
1967,1.84,34,1764005,Moderate,No
1968,3.62,4,1507576,Moderate,Yes
1969,3.35,17,4121926,Loose,Yes
1970,0.26,4,122995,Moderate,No
1971,0.24,43,1753005,Moderate,Yes
1972,8.32,26,1812355,Moderate,No
1973,2.73,4,541168,Strict,Yes
1974,5.18,1,789197,Strict,No
1975,2.99,7,599471,Strict,Yes
1976,9.41,30,2513911,Loose,No
1977,2.59,50,4784162,Loose,No
1978,4.3,9,3748984,Loose,Yes
1979,8.73,35,110514,Strict,Yes
1980,8.42,8,2244608,Moderate,No
1981,1.86,24,2204385,Loose,No
1982,8.03,19,3311861,Loose,Yes
1983,4.58,36,3030299,Strict,Yes
1984,4.83,50,728373,Loose,Yes
1985,1.33,43,733389,Moderate,Yes
1986,0.81,27,1257260,Strict,Yes
1987,7.28,32,1475520,Strict,Yes
1988,4.96,14,3455000,Moderate,Yes
1989,4.37,18,3681311,Moderate,Yes
1990,7.3,28,3883831,Moderate,Yes
1991,7.66,29,4421906,Loose,No
1992,1.59,16,3896286,Moderate,Yes
1993,6.1,35,2061328,Strict,Yes
1994,1.35,47,4189437,Moderate,No
1995,7.51,31,3669199,Strict,No
1996,6.57,4,3791198,Strict,No
1997,9.57,37,1450093,Loose,No
1998,0.69,17,293691,Moderate,No
1999,0.57,39,3684476,Loose,No
2000,2.82,48,4575687,Moderate,Yes
2001,2.62,46,1290064,Moderate,No
2002,2.47,26,3065560,Moderate,No
2003,9.06,48,4842998,Moderate,No
2004,2.5,39,3509747,Moderate,Yes
2005,2.72,41,2103146,Strict,No
2006,7.59,4,2692440,Strict,Yes
2007,4.5,30,579969,Moderate,No
2008,7.77,30,2591721,Strict,No
2009,0.65,22,782346,Loose,Yes
2010,4.88,11,1104411,Loose,Yes
2011,0.34,2,4495223,Loose,No
2012,0.63,44,3031659,Moderate,Yes
2013,9.06,12,299542,Moderate,Yes
2014,1.39,30,1820342,Strict,No
2015,5.32,36,3583802,Strict,No
2016,4.11,18,1919833,Strict,No
2017,3.47,26,2050500,Loose,Yes
2018,9.0,7,4184032,Loose,No
2019,0.22,1,1323045,Loose,No
2020,6.64,26,4941905,Loose,Yes
2021,9.63,23,3004936,Strict,Yes
2022,5.6,26,2036983,Moderate,No
2023,9.37,45,1504568,Moderate,Yes
2024,0.52,6,860956,Loose,No
2025,4.19,6,3654382,Moderate,Yes
2026,2.6,44,3788498,Moderate,No
2027,7.31,8,4457847,Moderate,Yes
2028,9.81,24,4665861,Loose,Yes
2029,2.57,22,599964,Strict,Yes
2030,6.54,19,3097493,Strict,Yes
2031,1.98,37,899458,Moderate,No
2032,5.65,18,105435,Strict,Yes
2033,4.64,31,239565,Strict,No
2034,9.72,37,3042905,Loose,Yes
2035,6.09,30,3528261,Loose,Yes
2036,3.5,42,4854417,Moderate,No
2037,1.14,33,1427654,Moderate,Yes
2038,1.51,10,2727014,Moderate,Yes
2039,2.25,37,2239934,Loose,No
2040,2.51,12,547628,Strict,Yes
2041,8.51,30,2667592,Loose,No
2042,5.61,27,3119065,Loose,Yes
2043,5.23,39,4159319,Strict,Yes
2044,1.15,9,564535,Strict,Yes
2045,8.6,21,2748191,Moderate,No
2046,7.23,12,1448894,Strict,Yes
2047,0.68,29,156572,Strict,Yes
2048,7.08,33,3650985,Strict,Yes
2049,5.44,43,2613595,Strict,Yes
2050,0.82,15,2233221,Moderate,Yes
2051,4.58,2,837550,Moderate,Yes
2052,4.85,39,1898954,Strict,Yes
2053,1.66,44,2060350,Strict,Yes
2054,9.46,18,882533,Moderate,Yes
2055,8.5,3,1029090,Moderate,No
2056,6.69,7,2902743,Strict,Yes
2057,4.62,43,487902,Loose,No
2058,4.12,18,2000302,Moderate,No
2059,6.51,44,784659,Moderate,No
2060,5.45,38,539717,Moderate,Yes
2061,0.62,37,812494,Strict,No
2062,5.13,33,3890918,Strict,No
2063,8.06,44,3267118,Moderate,No
2064,4.59,31,2341105,Strict,Yes
2065,0.52,11,1420307,Strict,No
2066,7.86,4,2422024,Moderate,Yes
2067,2.01,18,2664695,Strict,No
2068,2.59,4,4775431,Loose,No
2069,1.65,49,1195589,Strict,Yes
2070,3.3,34,4935933,Strict,Yes
2071,7.57,29,1014217,Moderate,No
2072,5.19,24,3964708,Moderate,No
2073,2.05,22,4926176,Loose,No
2074,8.78,2,178113,Strict,Yes
2075,8.8,44,2021792,Loose,Yes
2076,8.71,6,4462113,Loose,No
2077,2.39,42,1639219,Moderate,No
2078,4.51,25,4580572,Strict,Yes
2079,9.85,21,4102262,Moderate,Yes
2080,7.72,16,4689716,Loose,No
2081,0.27,31,4093687,Loose,Yes
2082,0.65,14,2589667,Moderate,No
2083,4.64,39,4390955,Moderate,Yes
2084,9.09,28,1395125,Moderate,No
2085,5.39,32,185395,Moderate,No
2086,4.98,28,4660141,Moderate,No
2087,1.05,49,1233859,Loose,Yes
2088,6.57,9,1193060,Moderate,No
2089,8.22,45,2798954,Strict,No
2090,3.8,22,3335863,Loose,Yes
2091,7.76,32,2495067,Loose,No
2092,9.64,5,3751422,Strict,No
2093,2.04,23,4483030,Strict,No
2094,5.23,5,314223,Loose,Yes
2095,2.87,42,4269495,Moderate,Yes
2096,7.93,32,2712761,Loose,Yes
2097,5.78,10,2095457,Loose,Yes
2098,6.35,39,1113071,Strict,No
2099,7.98,15,4992397,Loose,Yes
2100,3.96,7,3375072,Moderate,Yes
2101,9.15,29,3388560,Strict,Yes
2102,5.33,47,1786090,Loose,No
2103,1.58,3,4917842,Loose,No
2104,6.96,19,387906,Moderate,No
2105,7.93,10,3427786,Loose,Yes
2106,3.17,28,3416900,Loose,No
2107,8.57,29,1284592,Loose,No
2108,9.06,15,2245977,Loose,Yes
2109,2.77,35,2211029,Moderate,No
2110,9.84,6,2326217,Loose,Yes
2111,1.41,12,732731,Loose,Yes
2112,2.02,47,461756,Loose,No
2113,1.84,38,2314826,Strict,Yes
2114,8.94,13,3360802,Moderate,Yes
2115,6.54,29,2121363,Strict,Yes
2116,1.52,19,617257,Strict,Yes
2117,4.4,3,4690778,Moderate,Yes
2118,6.15,8,1400457,Strict,Yes
2119,0.83,8,4325933,Strict,No
2120,8.82,20,1581257,Strict,Yes
2121,8.04,47,2151933,Moderate,Yes
2122,5.05,4,2999359,Loose,Yes
2123,9.67,21,2886719,Moderate,Yes
2124,4.18,3,3661497,Moderate,No
2125,9.84,45,362199,Moderate,No
2126,6.68,8,2970524,Strict,Yes
2127,6.35,23,1237273,Loose,No
2128,1.66,16,3967293,Moderate,Yes
2129,8.82,13,133734,Moderate,Yes
2130,4.27,3,313299,Loose,Yes
2131,1.62,48,2871034,Loose,Yes
2132,0.13,9,242728,Loose,No
2133,5.6,14,771253,Strict,No
2134,5.27,13,1653185,Loose,Yes
2135,7.19,7,1106152,Strict,Yes
2136,8.9,15,793812,Moderate,No
2137,0.79,7,1817202,Strict,No
2138,7.31,38,3362331,Loose,Yes
2139,1.87,34,4093767,Strict,No
2140,8.58,41,3925091,Loose,Yes
2141,8.19,22,752168,Strict,No
2142,5.41,24,3789638,Moderate,No
2143,7.1,49,4586856,Strict,No
2144,3.14,37,1295055,Moderate,No
2145,4.71,44,1308957,Loose,Yes
2146,8.22,1,1241766,Moderate,Yes
2147,4.59,10,876644,Loose,No
2148,3.58,43,3463712,Loose,Yes
2149,4.94,16,624658,Moderate,No
2150,8.28,46,886918,Moderate,No
2151,3.35,8,103196,Strict,Yes
2152,1.74,49,1649648,Strict,Yes
2153,7.12,25,3757919,Moderate,Yes
2154,8.26,50,3778588,Moderate,No
2155,1.01,12,2703680,Moderate,Yes
2156,2.4,25,1570017,Moderate,Yes
2157,1.42,17,2767293,Loose,Yes
2158,3.48,26,2884787,Moderate,Yes
2159,4.5,46,958811,Moderate,No
2160,7.49,48,4164337,Moderate,No
2161,6.51,14,2764649,Moderate,No
2162,6.21,41,3736119,Loose,No
2163,3.52,36,3157143,Strict,No
2164,8.41,23,3656995,Strict,No
2165,4.71,43,1767108,Strict,No
2166,9.79,6,2953507,Strict,Yes
2167,6.34,47,1881336,Strict,No
2168,1.26,5,724588,Loose,No
2169,6.76,43,2254327,Strict,No
2170,3.25,25,4170081,Loose,No
2171,6.86,18,1250127,Loose,Yes
2172,0.7,13,2589913,Strict,No
2173,1.75,43,4017000,Strict,No
2174,8.56,14,2778306,Strict,Yes
2175,2.27,28,2314904,Moderate,No
2176,8.37,18,2450716,Loose,No
2177,2.79,28,4587561,Strict,No
2178,6.43,27,1919456,Moderate,No
2179,6.94,32,1364008,Loose,No
2180,5.13,47,2868654,Moderate,No
2181,3.05,9,1482212,Moderate,No
2182,2.13,40,1359112,Strict,Yes
2183,0.33,32,3976345,Loose,Yes
2184,3.04,20,3280863,Moderate,No
2185,6.53,28,2333414,Loose,Yes
2186,9.38,33,1743063,Strict,No
2187,8.71,4,104331,Loose,Yes
2188,7.66,46,1665976,Moderate,No
2189,7.88,34,4076808,Moderate,Yes
2190,6.65,48,312854,Loose,No
2191,2.6,3,4844353,Moderate,Yes
2192,9.07,26,1653416,Moderate,Yes
2193,6.71,8,3056156,Moderate,No
2194,5.6,6,2381696,Strict,No
2195,1.11,16,1233243,Strict,Yes
2196,4.47,24,104677,Moderate,Yes
2197,4.6,48,304580,Loose,No
2198,8.65,39,230334,Strict,Yes
2199,5.47,30,4657885,Loose,No
2200,3.8,45,2152109,Moderate,Yes
2201,9.77,13,2608963,Moderate,Yes
2202,1.11,5,1981934,Loose,No
2203,4.23,25,2796711,Strict,No
2204,0.42,20,658745,Loose,No
2205,7.4,18,666819,Loose,Yes
2206,9.18,47,3898043,Moderate,Yes
2207,2.8,18,294243,Strict,Yes
2208,8.58,2,4551535,Loose,No
2209,2.92,10,2970741,Strict,Yes
2210,9.11,45,717423,Moderate,Yes
2211,7.54,50,690642,Strict,No
2212,8.05,47,737031,Moderate,Yes
2213,0.18,12,2965893,Strict,Yes
2214,9.63,47,2103369,Loose,No
2215,7.27,13,1350844,Moderate,No
2216,3.05,50,1016094,Loose,No
2217,8.29,47,4389361,Moderate,No
2218,2.82,11,1186985,Strict,No
2219,8.73,19,346889,Strict,No
2220,1.13,35,1565088,Moderate,No
2221,7.04,39,4284251,Moderate,No
2222,5.41,26,3212252,Moderate,No
2223,0.97,46,4375542,Strict,Yes
2224,2.42,14,1843227,Moderate,No
2225,0.12,45,2471693,Moderate,No
2226,4.69,44,4269647,Loose,Yes
2227,3.01,24,686470,Moderate,No
2228,5.98,41,4074409,Loose,Yes
2229,2.97,1,3405141,Loose,Yes
2230,3.0,43,277216,Loose,No
2231,7.43,22,4749292,Strict,Yes
2232,0.48,23,2276512,Loose,No
2233,9.03,19,3783460,Moderate,No
2234,8.52,18,2636015,Strict,Yes
2235,6.68,12,223662,Strict,Yes
2236,5.93,28,1918352,Strict,Yes
2237,8.92,28,3344571,Strict,No
2238,1.85,33,2994558,Strict,No
2239,0.79,19,736438,Strict,Yes
2240,2.4,28,1580175,Strict,No
2241,7.95,49,1929484,Loose,No
2242,0.35,37,1767690,Moderate,Yes
2243,5.83,26,4519425,Moderate,Yes
2244,9.95,35,2069036,Loose,Yes
2245,8.56,34,4011451,Loose,Yes
2246,5.21,35,2846153,Strict,Yes
2247,0.64,40,1204188,Strict,Yes
2248,8.31,16,3809726,Loose,Yes
2249,5.99,38,3883112,Strict,Yes
2250,1.15,13,2406569,Moderate,Yes
2251,0.94,23,311463,Moderate,Yes
2252,9.1,22,1767788,Strict,No
2253,6.69,16,368602,Strict,No
2254,8.29,28,2494820,Strict,Yes
2255,8.79,48,762213,Moderate,No
2256,5.72,35,4836912,Strict,No
2257,5.17,45,2291306,Loose,No
2258,4.3,46,2773683,Strict,No
2259,3.17,8,3946703,Loose,No
2260,4.35,44,2607720,Strict,No
2261,7.74,22,3842849,Strict,Yes
2262,6.02,21,193476,Moderate,Yes
2263,8.93,26,214560,Loose,No
2264,4.43,40,1449987,Loose,No
2265,6.07,21,3807957,Loose,Yes
2266,6.31,25,969241,Moderate,No
2267,5.92,41,649656,Loose,No
2268,7.03,1,3538856,Moderate,No
2269,2.37,6,3680885,Strict,No
2270,5.12,23,3503209,Strict,No
2271,1.04,23,2197953,Loose,Yes
2272,3.85,43,2827978,Strict,Yes
2273,4.88,43,3095785,Strict,No
2274,6.52,23,4080125,Loose,Yes
2275,9.51,32,1926629,Strict,No
2276,6.01,30,2495265,Loose,No
2277,7.44,13,191679,Loose,No
2278,5.06,43,2878217,Strict,No
2279,6.34,18,1439083,Strict,No
2280,0.71,23,3124628,Strict,No
2281,2.54,15,3803367,Strict,No
2282,3.62,33,4906540,Strict,No
2283,4.72,21,3990702,Moderate,No
2284,0.46,39,4088395,Strict,Yes
2285,1.4,23,2474151,Moderate,No
2286,2.77,27,277476,Loose,Yes
2287,9.72,45,1299217,Strict,Yes
2288,3.31,44,2775877,Strict,No
2289,4.82,18,2353962,Strict,Yes
2290,1.96,24,3049908,Loose,No
2291,6.11,47,4113880,Moderate,No
2292,2.81,40,2031441,Moderate,No
2293,2.07,42,365033,Strict,No
2294,5.17,7,4828161,Strict,Yes
2295,0.06,50,3452477,Strict,Yes
2296,0.08,48,4024845,Strict,No
2297,2.19,20,1235730,Loose,Yes
2298,0.37,27,1256649,Strict,Yes
2299,1.08,6,3802085,Loose,Yes
2300,3.39,27,942329,Strict,No
2301,8.03,9,1293582,Moderate,Yes
2302,5.72,45,988976,Moderate,Yes
2303,5.13,31,1691570,Strict,Yes
2304,2.93,21,274588,Strict,No
2305,9.32,26,3873618,Loose,Yes
2306,3.97,40,3685854,Strict,Yes
2307,0.87,48,1630332,Strict,No
2308,6.17,45,4419050,Strict,Yes
2309,1.14,13,4839023,Moderate,No
2310,3.45,49,1133290,Loose,No
2311,5.07,23,4725535,Moderate,No
2312,8.74,20,3546549,Loose,No
2313,4.94,37,3258546,Moderate,No
2314,7.02,28,581438,Strict,No
2315,9.93,17,4868424,Moderate,Yes
2316,1.31,28,2805430,Moderate,No
2317,2.75,41,1358542,Loose,Yes
2318,3.95,2,1220780,Loose,Yes
2319,4.22,25,2242936,Moderate,No
2320,4.11,50,4172091,Loose,Yes
2321,9.08,41,1404140,Loose,Yes
2322,7.14,6,4908098,Loose,Yes
2323,6.08,11,3893868,Loose,No
2324,3.09,38,1888702,Loose,Yes
2325,8.24,6,3796724,Moderate,Yes
2326,9.55,45,1691711,Loose,No
2327,8.21,11,1728853,Strict,Yes
2328,0.02,14,2158721,Moderate,Yes
2329,6.36,2,2060391,Moderate,Yes
2330,0.51,40,4757448,Moderate,No
2331,2.58,3,4176773,Loose,Yes
2332,0.6,35,4612121,Strict,Yes
2333,6.04,33,2220100,Loose,No
2334,6.87,24,159072,Moderate,No
2335,1.14,19,3575432,Moderate,No
2336,3.84,18,3983337,Moderate,Yes
2337,4.56,49,2263843,Moderate,No
2338,3.69,24,2862594,Loose,No
2339,1.21,45,4134941,Strict,No
2340,4.19,35,4301390,Strict,Yes
2341,7.51,1,489962,Moderate,No
2342,0.71,36,4886445,Strict,No
2343,0.8,25,3577899,Moderate,No
2344,3.55,45,3523788,Moderate,No
2345,9.42,49,901680,Strict,No
2346,6.69,43,4231279,Moderate,Yes
2347,6.79,34,1959234,Strict,Yes
2348,3.62,25,1042529,Moderate,No
2349,5.94,16,4040008,Strict,No
2350,0.1,34,1687138,Moderate,No
2351,6.36,29,2186172,Strict,Yes
2352,9.13,19,1465265,Moderate,Yes
2353,6.13,23,4030131,Moderate,Yes
2354,8.74,19,3342222,Moderate,Yes
2355,7.24,25,215981,Strict,No
2356,1.21,16,4310608,Loose,No
2357,9.02,9,1422014,Moderate,No
2358,0.66,1,388569,Moderate,No
2359,5.34,42,824071,Strict,Yes
2360,1.42,19,3356505,Moderate,No
2361,0.12,33,502641,Moderate,Yes
2362,4.22,34,4912056,Moderate,Yes
2363,2.95,16,3876764,Moderate,No
2364,4.86,44,1615538,Loose,Yes
2365,5.77,40,2999675,Loose,Yes
2366,0.44,18,3499902,Moderate,No
2367,1.23,34,4949666,Moderate,Yes
2368,5.59,25,3499618,Moderate,Yes
2369,3.43,45,3504629,Loose,No
2370,7.29,6,2292848,Loose,Yes
2371,6.52,21,2873219,Strict,Yes
2372,8.46,6,4964912,Strict,No
2373,6.92,32,1744173,Moderate,Yes
2374,4.3,41,1069224,Moderate,No
2375,6.73,48,2867549,Loose,Yes
2376,2.75,43,4361725,Moderate,Yes
2377,3.06,39,336436,Moderate,No
2378,7.89,31,2314178,Loose,No
2379,4.46,42,174804,Loose,Yes
2380,7.98,10,3757390,Loose,No
2381,8.22,30,3076877,Loose,Yes
2382,8.58,18,3889514,Strict,No
2383,9.17,24,2072871,Loose,Yes
2384,4.31,9,2040483,Loose,Yes
2385,3.19,31,3011898,Moderate,Yes
2386,5.82,15,587335,Moderate,Yes
2387,3.71,4,3609163,Moderate,Yes
2388,6.01,40,3487951,Strict,No
2389,7.06,9,1361402,Loose,No
2390,6.88,45,3975251,Loose,Yes
2391,3.75,9,3940507,Strict,Yes
2392,1.67,26,1466851,Loose,No
2393,4.31,4,2679082,Moderate,No
2394,1.43,17,2226028,Strict,No
2395,8.9,16,3085032,Loose,No
2396,3.46,15,3177195,Strict,No
2397,1.54,35,2426344,Strict,Yes
2398,0.25,5,3557100,Loose,Yes
2399,6.46,5,2449465,Moderate,No
2400,6.37,20,1176837,Loose,No
2401,3.41,15,3199449,Loose,No
2402,0.72,18,3210999,Moderate,No
2403,4.1,47,1637746,Loose,No
2404,3.11,2,1729040,Loose,No
2405,6.77,29,2511596,Loose,No
2406,6.06,13,2339564,Strict,No
2407,3.65,4,3763289,Strict,No
2408,2.18,42,4288699,Strict,Yes
2409,9.88,45,3016596,Loose,No
2410,4.54,10,4227436,Moderate,No
2411,6.88,31,2565933,Strict,Yes
2412,1.41,41,4966940,Moderate,Yes
2413,4.86,8,3562511,Loose,Yes
2414,0.28,3,484083,Strict,No
2415,5.05,48,631598,Loose,No
2416,9.64,46,2378845,Moderate,No
2417,3.84,9,766252,Strict,No
2418,0.39,30,3150798,Strict,Yes
2419,0.31,11,2636047,Strict,No
2420,3.88,35,3424353,Strict,No
2421,1.6,37,3354992,Moderate,Yes
2422,0.23,42,4897663,Strict,No
2423,7.56,13,796362,Loose,No
2424,4.59,36,4561835,Strict,No
2425,2.89,13,3635443,Moderate,No
2426,9.0,12,2032303,Strict,Yes
2427,1.16,37,2851821,Moderate,Yes
2428,9.56,10,526941,Moderate,Yes
2429,3.14,9,3973770,Loose,Yes
2430,8.88,7,4950224,Strict,No
2431,6.03,2,486354,Strict,No
2432,8.27,23,3040149,Strict,No
2433,9.84,39,1035709,Loose,Yes
2434,2.88,40,2585178,Loose,Yes
2435,9.61,39,3353965,Moderate,Yes
2436,3.89,21,2185469,Moderate,No
2437,3.86,23,3765632,Moderate,No
2438,3.4,29,3622348,Loose,Yes
2439,5.41,14,1446365,Loose,Yes
2440,1.54,26,1236078,Loose,No
2441,5.54,5,586598,Moderate,No
2442,5.42,31,4643758,Loose,No
2443,7.62,25,633037,Moderate,Yes
2444,8.34,31,3931871,Moderate,Yes
2445,4.4,50,684933,Strict,Yes
2446,3.02,20,313933,Strict,Yes
2447,2.59,44,1101720,Strict,No
2448,1.95,17,2247914,Moderate,No
2449,0.58,45,2785662,Strict,No
2450,3.42,2,527709,Strict,Yes
2451,2.7,25,355539,Strict,No
2452,9.66,13,1850866,Loose,No
2453,5.58,39,3404513,Moderate,No
2454,3.47,28,3877173,Strict,No
2455,5.8,42,1902272,Loose,No
2456,1.39,6,4947384,Loose,Yes
2457,4.44,3,4276429,Loose,No
2458,6.26,35,3268097,Strict,No
2459,4.89,18,2135030,Loose,Yes
2460,4.02,11,2050852,Moderate,Yes
2461,9.94,20,112120,Loose,No
2462,8.8,5,724135,Loose,No
2463,6.23,19,4917167,Loose,No
2464,5.69,22,4839052,Loose,No
2465,6.21,19,2153902,Moderate,Yes
2466,2.01,47,4845920,Strict,No
2467,3.95,16,2321186,Moderate,Yes
2468,0.39,24,3421613,Moderate,No
2469,4.76,41,934030,Strict,No
2470,5.43,4,4486152,Loose,No
2471,2.28,15,2451441,Strict,Yes
2472,9.64,25,3024553,Strict,No
2473,9.09,44,2366598,Moderate,No
2474,7.22,35,1876238,Strict,Yes
2475,5.33,14,162784,Loose,No
2476,8.7,49,2559730,Moderate,Yes
2477,1.31,19,4538072,Loose,No
2478,7.91,38,2095127,Moderate,Yes
2479,1.25,36,1841070,Loose,Yes
2480,7.94,7,1608834,Strict,Yes
2481,2.76,30,1135108,Strict,No
2482,8.77,19,4437739,Strict,Yes
2483,9.44,49,578365,Loose,Yes
2484,1.49,25,3014212,Moderate,No
2485,4.63,16,2174242,Moderate,Yes
2486,9.81,47,3315400,Moderate,No
2487,4.83,40,1719110,Strict,No
2488,8.64,8,594209,Loose,Yes
2489,5.89,18,713398,Moderate,Yes
2490,3.75,28,1634230,Loose,No
2491,2.86,16,1863796,Moderate,Yes
2492,2.03,19,4890280,Strict,Yes
2493,7.62,42,951980,Loose,Yes
2494,3.87,17,1866299,Moderate,Yes
2495,5.11,45,4567610,Moderate,No
2496,4.92,13,4120018,Moderate,No
2497,5.77,7,1762656,Moderate,Yes
2498,8.66,27,4994097,Strict,No
2499,9.81,10,2710366,Moderate,Yes
2500,4.08,34,1334599,Moderate,Yes
2501,8.28,36,660846,Strict,Yes
2502,7.65,25,4423242,Moderate,Yes
2503,5.74,6,1295307,Loose,No
2504,9.56,24,2971712,Loose,Yes
2505,2.0,18,4217143,Moderate,No
2506,1.09,23,3077407,Strict,Yes
2507,8.54,6,955656,Strict,No
2508,4.39,29,4760745,Strict,No
2509,8.47,25,3666568,Moderate,No
2510,8.93,17,4779020,Moderate,No
2511,0.62,46,1892363,Loose,Yes
2512,8.83,24,738922,Strict,No
2513,4.48,11,877867,Moderate,Yes
2514,5.1,26,4160861,Moderate,No
2515,6.27,34,3166461,Moderate,No
2516,9.26,28,2602884,Strict,No
2517,0.19,3,1802424,Strict,Yes
2518,4.77,11,3401643,Loose,No
2519,6.88,38,4275252,Strict,Yes
2520,7.23,14,1285560,Moderate,Yes
2521,6.93,26,1860968,Loose,Yes
2522,1.34,48,1046301,Strict,No
2523,2.99,21,4956113,Strict,No
2524,3.59,39,4427101,Strict,No
2525,8.04,30,967838,Strict,No
2526,2.79,8,1157880,Moderate,No
2527,2.11,20,3187714,Strict,No
2528,9.57,48,4419859,Moderate,No
2529,0.09,32,3578192,Moderate,Yes
2530,9.98,22,1671853,Moderate,No
2531,6.77,7,568224,Loose,Yes
2532,8.28,9,3230576,Moderate,Yes
2533,2.95,45,3340216,Strict,No
2534,0.14,1,1407066,Loose,No
2535,7.38,29,885890,Strict,Yes
2536,8.34,8,4187954,Moderate,Yes
2537,7.4,4,1022229,Strict,No
2538,1.43,35,2938109,Loose,Yes
2539,7.53,3,2703441,Loose,Yes
2540,7.69,45,4906799,Strict,Yes
2541,6.59,40,298017,Strict,Yes
2542,7.66,7,3843757,Strict,No
2543,8.46,27,2968921,Loose,No
2544,6.14,1,4965368,Moderate,Yes
2545,0.89,27,3103225,Strict,Yes
2546,4.88,16,2429518,Moderate,Yes
2547,0.78,38,4544623,Loose,No
2548,4.08,7,4328316,Strict,No
2549,4.07,44,766775,Strict,Yes
2550,0.66,23,3678478,Loose,Yes
2551,3.49,41,4802034,Strict,Yes
2552,1.11,11,554529,Moderate,No
2553,8.08,42,2444218,Loose,Yes
2554,9.48,33,2961129,Loose,Yes
2555,0.72,50,1211766,Strict,Yes
2556,9.55,36,3521147,Loose,Yes
2557,5.23,37,639203,Strict,Yes
2558,3.0,41,1411629,Strict,No
2559,0.77,17,1000542,Loose,No
2560,5.01,35,3311636,Strict,No
2561,7.95,48,4054780,Moderate,Yes
2562,7.07,5,4328416,Moderate,No
2563,0.5,48,3045759,Strict,Yes
2564,0.73,32,394768,Moderate,No
2565,4.03,3,3452921,Strict,No
2566,2.95,47,161264,Moderate,Yes
2567,2.32,35,2559507,Loose,Yes
2568,2.81,14,4938094,Strict,Yes
2569,8.03,48,4737452,Strict,No
2570,9.29,31,3552097,Strict,Yes
2571,4.05,31,3451191,Strict,No
2572,9.06,17,1318284,Strict,No
2573,3.21,24,3180202,Strict,No
2574,4.76,23,3821993,Loose,Yes
2575,2.26,18,2048058,Loose,Yes
2576,6.4,50,4788827,Moderate,Yes
2577,9.79,14,722207,Strict,No
2578,6.03,50,742064,Moderate,No
2579,3.58,15,965630,Moderate,Yes
2580,6.48,15,4425001,Loose,No
2581,1.23,6,3046878,Moderate,No
2582,8.89,27,2085500,Loose,No
2583,5.03,15,3072881,Moderate,Yes
2584,4.49,50,1409989,Strict,No
2585,5.86,36,268678,Moderate,No
2586,6.25,8,4726160,Loose,Yes
2587,0.72,15,4150501,Loose,Yes
2588,6.83,3,1075924,Loose,Yes
2589,2.42,47,903789,Moderate,Yes
2590,7.14,13,270923,Moderate,Yes
2591,8.23,41,400406,Loose,Yes
2592,8.04,34,617961,Strict,No
2593,5.53,24,1135598,Strict,No
2594,5.2,40,2611902,Moderate,No
2595,1.43,32,3740377,Moderate,No
2596,7.75,32,263944,Loose,Yes
2597,2.71,30,2696105,Moderate,No
2598,4.97,49,3122345,Moderate,Yes
2599,2.84,13,2790543,Loose,Yes
2600,1.34,1,3069852,Loose,No
2601,6.3,34,4856004,Moderate,No
2602,0.54,15,1458454,Strict,Yes
2603,7.49,44,3971018,Moderate,Yes
2604,3.18,14,1170804,Strict,Yes
2605,0.0,29,2537220,Strict,Yes
2606,5.11,34,2203627,Strict,No
2607,0.47,18,3198350,Loose,Yes
2608,2.76,7,4535686,Loose,No
2609,7.07,29,3677643,Loose,Yes
2610,0.63,31,4724341,Moderate,Yes
2611,8.39,25,2489911,Loose,Yes
2612,0.04,38,1826681,Loose,No
2613,2.47,14,217408,Moderate,Yes
2614,7.41,8,736431,Moderate,No
2615,3.16,27,3535504,Strict,No
2616,1.02,2,899288,Moderate,No
2617,3.6,17,1336541,Moderate,Yes
2618,2.7,37,2136721,Loose,No
2619,8.43,14,1740913,Strict,No
2620,3.13,25,417798,Strict,Yes
2621,7.89,30,1351222,Moderate,Yes
2622,8.92,29,590783,Loose,No
2623,4.34,20,1207177,Loose,No
2624,9.1,21,886796,Loose,Yes
2625,3.77,22,4759014,Loose,No
2626,9.64,35,3594585,Moderate,No
2627,0.89,37,2092834,Loose,No
2628,6.87,16,4223412,Strict,Yes
2629,4.94,50,4019736,Strict,No
2630,3.88,49,4816302,Moderate,Yes
2631,6.33,43,2573055,Loose,Yes
2632,7.04,17,1427877,Loose,Yes
2633,0.04,16,4276852,Loose,No
2634,1.67,2,2787328,Loose,Yes
2635,7.13,4,1999955,Moderate,No
2636,6.66,21,2005888,Loose,Yes
2637,9.66,39,4298811,Moderate,No
2638,7.61,34,772225,Loose,No
2639,9.51,30,3610463,Loose,No
2640,7.03,6,1540334,Strict,Yes
2641,2.98,17,2224365,Moderate,No
2642,1.05,39,3170610,Strict,No
2643,7.82,25,3303178,Moderate,Yes
2644,6.44,5,497693,Loose,Yes
2645,0.48,5,3832238,Loose,No
2646,3.6,20,2072613,Moderate,Yes
2647,9.57,16,2715880,Strict,Yes
2648,5.0,41,3924484,Moderate,Yes
2649,4.33,37,3258483,Moderate,No
2650,4.58,40,3435705,Loose,Yes
2651,2.09,9,1444091,Strict,No
2652,3.69,5,504470,Moderate,Yes
2653,3.7,42,4429394,Strict,Yes
2654,0.52,2,891624,Strict,No
2655,7.68,9,1701207,Moderate,Yes
2656,4.17,43,1707245,Strict,Yes
2657,8.22,36,3095035,Loose,Yes
2658,8.5,22,2409305,Loose,Yes
2659,2.12,22,2956188,Loose,No
2660,6.57,22,2643628,Loose,No
2661,4.72,34,584427,Strict,No
2662,8.8,29,2517714,Loose,No
2663,2.16,38,4818740,Moderate,No
2664,6.78,46,4058905,Loose,No
2665,6.08,33,4891506,Moderate,No
2666,2.95,18,4183372,Moderate,Yes
2667,1.37,7,1209229,Loose,No
2668,6.52,1,3993623,Loose,No
2669,7.39,33,4486897,Strict,No
2670,3.16,1,2189884,Moderate,Yes
2671,6.45,24,4304099,Loose,No
2672,3.95,4,3480796,Strict,No
2673,7.13,4,1611546,Loose,No
2674,1.99,18,4921699,Loose,Yes
2675,8.9,27,1596030,Loose,No
2676,2.87,43,2949090,Moderate,Yes
2677,3.68,32,3412750,Loose,Yes
2678,0.58,33,111009,Strict,Yes
2679,1.12,28,4472472,Loose,Yes
2680,5.16,42,1823480,Loose,No
2681,2.68,41,3799397,Strict,Yes
2682,8.35,36,2091367,Strict,Yes
2683,0.15,6,430328,Moderate,No
2684,3.79,16,4509013,Moderate,Yes
2685,3.37,34,2808668,Moderate,Yes
2686,0.19,23,1100294,Moderate,Yes
2687,1.24,50,3298454,Strict,Yes
2688,4.14,42,1046984,Loose,Yes
2689,4.93,24,2385362,Loose,Yes
2690,4.04,49,2942894,Loose,No
2691,5.31,13,3550375,Moderate,No
2692,5.95,18,277265,Strict,No
2693,0.1,13,3326585,Strict,No
2694,4.64,49,3628329,Strict,Yes
2695,9.63,37,3136773,Loose,Yes
2696,5.19,43,4484432,Moderate,Yes
2697,6.78,39,1790792,Strict,No
2698,3.12,42,1731570,Moderate,No
2699,7.74,17,2075556,Strict,Yes
2700,7.73,15,3590678,Moderate,Yes
2701,5.21,18,4873598,Strict,No
2702,9.76,23,1760102,Moderate,No
2703,1.26,30,2445170,Strict,No
2704,0.17,34,1611710,Strict,No
2705,7.7,4,1867091,Moderate,Yes
2706,8.07,3,932230,Moderate,No
2707,1.2,7,916609,Loose,No
2708,2.66,18,3735192,Moderate,Yes
2709,0.18,42,4684470,Strict,Yes
2710,2.93,7,4162316,Strict,Yes
2711,7.73,40,3288741,Moderate,No
2712,5.18,6,4264133,Loose,No
2713,3.48,22,1755464,Moderate,No
2714,3.72,1,1506819,Strict,No
2715,0.01,4,978835,Strict,Yes
2716,3.0,46,723578,Loose,Yes
2717,6.46,49,3377560,Moderate,No
2718,9.74,50,3269870,Strict,No
2719,8.47,43,2569485,Strict,No
2720,0.24,29,3131946,Strict,Yes
2721,8.99,21,2479093,Moderate,No
2722,7.83,26,4602748,Moderate,Yes
2723,7.8,14,2860451,Loose,No
2724,4.58,9,4898064,Strict,Yes
2725,3.98,47,797389,Strict,Yes
2726,3.03,12,4555978,Loose,No
2727,0.66,42,3866176,Strict,Yes
2728,2.28,6,4341244,Loose,Yes
2729,2.47,20,4273414,Loose,No
2730,4.84,24,4004840,Strict,Yes
2731,7.47,27,3920730,Moderate,No
2732,4.74,38,2949310,Moderate,Yes
2733,0.58,8,2948411,Moderate,Yes
2734,9.58,1,3444443,Moderate,Yes
2735,9.43,49,1156504,Strict,Yes
2736,7.85,49,2544149,Loose,No
2737,9.91,24,2314669,Loose,No
2738,5.44,47,2054702,Strict,No
2739,9.63,7,4689079,Moderate,Yes
2740,0.76,19,1199469,Loose,Yes
2741,3.66,22,4244111,Strict,No
2742,2.25,35,2760038,Strict,No
2743,1.96,30,1287171,Moderate,No
2744,1.41,29,3033361,Strict,No
2745,6.22,22,521655,Loose,Yes
2746,7.81,11,899717,Loose,No
2747,5.78,20,2582266,Strict,Yes
2748,1.47,29,1021806,Loose,No
2749,8.11,41,3507129,Strict,Yes
2750,6.36,42,891043,Loose,No
2751,3.88,34,3401112,Moderate,No
2752,6.74,1,1293728,Loose,Yes
2753,2.6,31,1604329,Moderate,Yes
2754,3.45,30,1877850,Moderate,No
2755,9.17,48,635888,Strict,Yes
2756,2.91,18,4018446,Moderate,No
2757,4.7,17,2668921,Loose,Yes
2758,8.9,38,4912940,Loose,No
2759,7.08,14,2302888,Moderate,No
2760,0.62,23,1959722,Strict,No
2761,1.47,25,4224741,Moderate,No
2762,0.08,15,2652192,Loose,No
2763,6.31,46,235797,Loose,No
2764,4.48,22,2633573,Moderate,No
2765,1.34,3,1824620,Moderate,No
2766,9.58,19,2682229,Moderate,Yes
2767,5.3,44,3212734,Loose,Yes
2768,2.42,34,4930165,Loose,Yes
2769,5.01,35,458062,Loose,No
2770,6.8,50,3055251,Strict,No
2771,0.76,1,2177645,Loose,No
2772,2.75,21,1501471,Loose,Yes
2773,8.07,29,4879897,Strict,Yes
2774,4.6,6,1816548,Strict,Yes
2775,5.47,37,4504003,Strict,Yes
2776,4.33,1,1118143,Strict,Yes
2777,0.44,1,4200321,Strict,No
2778,1.66,27,4258527,Strict,Yes
2779,4.46,21,1987145,Moderate,No
2780,2.09,16,2197711,Moderate,No
2781,0.5,44,137361,Moderate,No
2782,8.44,40,2998845,Moderate,Yes
2783,9.81,26,3563227,Loose,Yes
2784,7.93,16,2557856,Strict,No
2785,8.54,28,1861856,Loose,Yes
2786,2.42,1,2441102,Strict,Yes
2787,9.61,36,3671488,Strict,No
2788,1.97,10,100037,Loose,No
2789,9.51,43,3717177,Moderate,No
2790,9.95,17,4597868,Loose,No
2791,7.12,23,721531,Loose,No
2792,9.81,7,753668,Strict,Yes
2793,5.7,44,3504158,Strict,No
2794,2.6,7,2756040,Strict,Yes
2795,4.37,44,803645,Moderate,Yes
2796,5.94,15,1405927,Loose,No
2797,0.73,34,2721872,Loose,No
2798,6.22,46,693975,Moderate,Yes
2799,9.81,45,2965728,Loose,No
2800,1.9,4,4083063,Loose,Yes
2801,7.93,14,2382373,Strict,No
2802,9.08,14,2940152,Moderate,No
2803,9.44,16,2650552,Strict,Yes
2804,9.6,7,952224,Moderate,Yes
2805,5.21,32,2492735,Strict,No
2806,9.77,19,1461968,Loose,No
2807,7.57,2,3722546,Moderate,No
2808,1.62,10,4995035,Moderate,Yes
2809,4.77,50,3706940,Strict,No
2810,7.18,17,3168929,Moderate,No
2811,2.47,37,3700200,Loose,No
2812,6.41,12,659031,Loose,No
2813,6.67,6,2801243,Loose,Yes
2814,1.63,22,2219228,Strict,Yes
2815,5.65,32,4535728,Moderate,Yes
2816,7.72,41,306384,Strict,No
2817,4.99,20,3627089,Loose,No
2818,0.12,1,4235554,Moderate,No
2819,0.09,47,4439242,Loose,Yes
2820,3.57,6,3088088,Moderate,Yes
2821,9.26,19,1079907,Moderate,Yes
2822,2.29,18,313968,Strict,Yes
2823,6.34,6,4682692,Moderate,No
2824,2.22,45,394957,Loose,Yes
2825,3.22,33,2001737,Moderate,Yes
2826,8.48,23,2447855,Loose,No
2827,7.29,23,1564458,Strict,Yes
2828,0.95,26,2402743,Loose,No
2829,4.29,13,4688156,Moderate,No
2830,0.29,7,1085461,Loose,No
2831,4.81,15,2721021,Loose,No
2832,6.62,44,3455361,Moderate,No
2833,1.19,27,1906423,Loose,Yes
2834,2.89,26,2050408,Moderate,Yes
2835,3.98,33,727915,Strict,No
2836,9.2,15,3694128,Loose,Yes
2837,9.93,36,1276957,Strict,No
2838,0.45,45,1506427,Loose,Yes
2839,7.61,27,3589550,Loose,Yes
2840,3.72,5,3995090,Strict,Yes
2841,3.92,2,1945786,Loose,Yes
2842,7.54,33,2865013,Loose,Yes
2843,9.18,16,136382,Strict,Yes
2844,9.51,23,962219,Loose,Yes
2845,5.77,38,1818303,Moderate,No
2846,3.57,16,4152127,Loose,No
2847,7.88,14,1374856,Loose,No
2848,2.51,29,3901082,Loose,Yes
2849,5.64,26,3446668,Strict,Yes
2850,3.59,35,4029268,Moderate,No
2851,6.57,15,2807260,Moderate,No
2852,2.4,3,3305677,Loose,Yes
2853,1.92,23,2606068,Strict,No
2854,9.18,29,1735407,Strict,No
2855,1.02,34,4192550,Moderate,No
2856,5.06,33,583075,Strict,No
2857,2.21,41,4059770,Loose,Yes
2858,0.39,41,1877310,Loose,No
2859,0.36,23,427370,Strict,No
2860,1.75,7,3028751,Loose,No
2861,8.67,3,2264533,Moderate,No
2862,2.82,32,933142,Loose,Yes
2863,9.5,31,4573214,Strict,No
2864,5.82,18,4396720,Moderate,No
2865,4.37,43,3782796,Loose,No
2866,5.8,7,942653,Moderate,No
2867,5.17,41,1936517,Strict,No
2868,7.59,1,451637,Loose,Yes
2869,2.82,14,277946,Loose,No
2870,3.53,32,964899,Moderate,No
2871,8.94,6,363503,Loose,Yes
2872,9.46,39,2418292,Loose,No
2873,8.93,10,2126393,Loose,Yes
2874,4.19,7,3102083,Loose,No
2875,7.8,26,4626226,Strict,Yes
2876,4.76,34,2479897,Loose,Yes
2877,4.98,30,1394416,Moderate,No
2878,2.05,36,2085196,Strict,Yes
2879,5.91,21,4018198,Moderate,No
2880,1.86,17,1660121,Moderate,Yes
2881,3.32,33,543035,Moderate,Yes
2882,8.55,10,3199072,Strict,No
2883,2.07,47,2135115,Strict,Yes
2884,0.71,42,789317,Strict,No
2885,0.69,12,4652636,Loose,Yes
2886,9.41,16,851240,Moderate,Yes
2887,5.07,41,4415596,Strict,No
2888,4.09,32,4384874,Moderate,No
2889,8.11,15,1095791,Strict,Yes
2890,8.36,27,2320943,Strict,No
2891,3.32,28,3162138,Strict,No
2892,6.94,17,1641121,Moderate,Yes
2893,7.71,46,2060299,Loose,Yes
2894,6.55,50,2953501,Strict,No
2895,1.52,2,2927433,Strict,Yes
2896,8.76,36,2559622,Strict,No
2897,5.39,50,1997459,Loose,No
2898,2.82,7,4340012,Moderate,No
2899,4.25,13,4049842,Moderate,No
2900,0.38,15,1315442,Moderate,No
2901,1.28,25,4217095,Moderate,No
2902,7.66,23,2680309,Strict,Yes
2903,0.0,22,3415537,Loose,No
2904,4.17,26,2691318,Strict,Yes
2905,5.23,33,4347328,Loose,No
2906,0.55,11,1551469,Moderate,Yes
2907,9.73,10,3400874,Loose,Yes
2908,2.26,25,4836416,Strict,Yes
2909,3.04,37,4163997,Strict,No
2910,3.04,48,4812838,Moderate,Yes
2911,2.3,43,148926,Strict,Yes
2912,0.01,38,3851387,Strict,No
2913,7.29,41,2879060,Loose,Yes
2914,9.67,45,4657418,Strict,Yes
2915,2.24,24,583791,Moderate,No
2916,6.63,40,1770930,Moderate,Yes
2917,7.42,46,2258714,Strict,Yes
2918,8.48,33,3548281,Moderate,No
2919,4.23,17,2150181,Loose,Yes
2920,3.03,24,896266,Loose,Yes
2921,3.25,37,2722280,Strict,Yes
2922,7.13,2,4325872,Strict,Yes
2923,8.17,32,761259,Loose,No
2924,1.82,24,710326,Moderate,No
2925,3.71,9,1345749,Strict,No
2926,9.02,4,1056277,Strict,No
2927,8.07,17,2326941,Moderate,Yes
2928,9.85,17,1518180,Strict,No
2929,7.54,50,4796298,Moderate,No
2930,3.93,48,174723,Moderate,Yes
2931,5.91,30,3118967,Moderate,Yes
2932,6.61,40,3826904,Moderate,Yes
2933,0.78,11,1633017,Moderate,No
2934,5.44,21,892515,Loose,Yes
2935,7.09,21,1493196,Moderate,Yes
2936,1.67,18,1135211,Loose,Yes
2937,7.81,29,2289568,Moderate,No
2938,5.84,24,4034740,Strict,No
2939,9.52,10,747122,Loose,No
2940,0.42,45,3882164,Strict,No
2941,2.65,17,1861331,Moderate,No
2942,6.02,18,1977329,Moderate,No
2943,2.97,42,2992970,Strict,No
2944,7.14,48,415315,Moderate,Yes
2945,7.59,20,250594,Strict,Yes
2946,1.03,37,820892,Moderate,Yes
2947,5.14,45,4163903,Moderate,No
2948,5.09,18,4479455,Loose,No
2949,3.69,17,4059015,Strict,Yes
2950,9.33,9,2232942,Moderate,Yes
2951,8.28,14,2772452,Strict,No
2952,6.97,49,2314979,Loose,No
2953,7.14,29,3505851,Strict,No
2954,4.62,31,296211,Loose,No
2955,9.21,4,1936082,Strict,No
2956,6.95,18,2337699,Strict,No
2957,7.29,20,4440496,Loose,No
2958,8.62,47,4558434,Moderate,No
2959,2.74,43,1913065,Moderate,Yes
2960,8.07,44,4687281,Moderate,No
2961,1.95,9,4902850,Strict,No
2962,3.45,13,477332,Strict,No
2963,3.36,15,184153,Moderate,Yes
2964,9.79,27,1226018,Strict,Yes
2965,8.57,15,4072162,Strict,No
2966,7.01,28,4272060,Moderate,Yes
2967,7.27,37,1408064,Loose,Yes
2968,5.62,19,178947,Strict,Yes
2969,9.47,26,2053980,Strict,No
2970,4.96,26,2638361,Strict,No
2971,3.81,25,4069411,Strict,No
2972,1.63,26,1068410,Loose,No
2973,7.86,26,2510912,Moderate,No
2974,7.34,46,2699087,Strict,No
2975,3.84,28,4036642,Moderate,No
2976,0.25,49,2567286,Strict,Yes
2977,8.39,18,3467764,Loose,No
2978,0.11,32,3711880,Moderate,No
2979,7.04,3,794934,Loose,No
2980,9.7,2,1140835,Strict,No
2981,4.38,33,1978292,Loose,No
2982,2.35,42,4563786,Loose,No
2983,7.05,19,242617,Strict,No
2984,8.17,17,1368962,Strict,No
2985,5.46,44,2201847,Moderate,Yes
2986,9.67,33,1130120,Strict,Yes
2987,0.52,12,1134780,Moderate,No
2988,5.05,49,3784334,Loose,No
2989,7.18,3,1564123,Loose,Yes
2990,8.63,43,1856608,Moderate,No
2991,1.79,49,2667228,Strict,No
2992,8.0,26,849045,Strict,Yes
2993,5.53,35,972109,Loose,No
2994,3.97,8,4134480,Moderate,No
2995,1.32,36,487405,Loose,No
2996,8.65,7,4661786,Loose,Yes
2997,1.57,46,4858669,Strict,Yes
2998,3.1,46,4636363,Moderate,No
2999,2.9,36,1808175,Loose,Yes
3000,8.71,16,3487232,Strict,Yes
